id,name,type,description,human_readable_id,graph_embedding,text_unit_ids,description_embedding
c1c991eb4a97411eb3d036a31cac6f2f,IO_SAP,TECHNICAL_TERM,"An IO control path interface that handles hardware I/O control, such as control pilot duty cycle and the control pilot wire",0,,['709bb69a81ecc1f51a9d4420b7de6772'],"[-0.01322075 -0.02212171 -0.00048924 ...  0.02517583  0.00632147
 -0.00020281]"
5d50bcf3d46d4778ae9c02df373727a7,INTER_SYSTEM_PROTOCOL,TECHNICAL_TERM,"A protocol that enables various broadband power line systems to share communication resources in time, frequency, or both",1,,['709bb69a81ecc1f51a9d4420b7de6772'],"[-0.00860744 -0.00272107  0.00923576 ... -0.02832211 -0.00936413
 -0.02624119]"
91741f0c9864419ba6de55093a830cf0,LOGICAL_NETWORK,TECHNICAL_TERM,"LOGICAL_NETWORK is a network designed to enhance communication by utilizing low-layer communication technology. It comprises a set of low-layer communication stations that share the same network key, enabling encrypted data exchange and ensuring visibility among its members. This structure facilitates secure and efficient communication within the network.",2,,['709bb69a81ecc1f51a9d4420b7de6772' '96fddbf4556ae84fd85ddd36d66bb9f0'],"[-0.01708586  0.02329283  0.02354645 ... -0.02992695 -0.01757975
 -0.01336835]"
9b605578a3884c1dbe05bcf63f7044f5,LOW-LAYER_COMMUNICATION,TECHNICAL_TERM,Functions managed by the OSI layer 1 and layer 2 of the modem,3,,['709bb69a81ecc1f51a9d4420b7de6772'],"[ 0.00590793  0.01640242  0.01561692 ...  0.00610431 -0.02196753
 -0.01497786]"
bc91ac78fd434239b5c69ab16dac33f2,LOW-LAYER_COMMUNICATION_MODULE,TECHNICAL_TERM,"The LOW-LAYER_COMMUNICATION_MODULE is a functional assembly situated behind each socket outlet or connector. It includes the communication node and connection coordination functionality, making it responsible for low-layer communication and managing the logical network. This module plays a crucial role in ensuring seamless communication and coordination within the network infrastructure.",4,,['709bb69a81ecc1f51a9d4420b7de6772' '96fddbf4556ae84fd85ddd36d66bb9f0'],"[-0.00744005  0.02083215  0.00557663 ... -0.00479849 -0.01116008
 -0.03833334]"
67be291547ee4f52be4f562b41b7fb73,MAC_ADDRESS,TECHNICAL_TERM,A unique identifier assigned to network interfaces for communication on the data link layer,5,,['709bb69a81ecc1f51a9d4420b7de6772'],"[-0.01727047  0.01000345 -0.00657323 ... -0.02307892 -0.01692196
 -0.00675071]"
29fdf7c0787b491cab5e2e457bf720af,MANAGEMENT_MESSAGE_ENTRY,TECHNICAL_TERM,Messages exchanged between PLC nodes or between a PLC node and higher layers for control purposes,6,,['709bb69a81ecc1f51a9d4420b7de6772'],"[-0.01812578  0.00158702 -0.00613872 ... -0.01758552  0.0059834
 -0.04762408]"
f717ac89952f46ce94f36e6924f0c6b2,MATCHING,TECHNICAL_TERM,"The process to determine the low-layer communication modules of EV and EVSE, where EV is physically connected directly",7,,['709bb69a81ecc1f51a9d4420b7de6772'],"[-0.00794236  0.0034564  -0.00219253 ... -0.01281314 -0.02078286
 -0.0190863 ]"
379326968ad34e9085fecf86cb71e5eb,NOMINAL_DUTY_CYCLE,TECHNICAL_TERM,"A control pilot duty cycle ranging from 10% to 96%, generated by the EVSE",8,,['709bb69a81ecc1f51a9d4420b7de6772'],"[ 0.00031019 -0.04030193 -0.00102281 ...  0.01162243  0.00211687
 -0.0196896 ]"
4063bbdbcb7a4269a4c344ed19611361,PILOT_FUNCTION_CONTROLLER,TECHNICAL_TERM,A system that manages the control pilot line on the EVSE side,9,,['709bb69a81ecc1f51a9d4420b7de6772'],"[-0.00377637 -0.0258536  -0.00809222 ...  0.01586628 -0.00562651
 -0.01252565]"
7a7355d1775547dcbd7496a1a0d9c6f1,PLUG_AND_CHARGE,TECHNICAL_TERM,"An identification mode where the customer plugs their vehicle into the EVSE, and all aspects of charging are automatically managed",10,,['709bb69a81ecc1f51a9d4420b7de6772'],"[-0.00263523 -0.01221091  0.02299232 ...  0.00054024 -0.01640591
 -0.00701393]"
1eaa11e0c9284b1187dbf78404874f0e,QPSK_MODULATION,TECHNICAL_TERM,A phase modulation technique that transmits two bits in four modulation states,11,,['709bb69a81ecc1f51a9d4420b7de6772'],"[-0.00314649  0.02471019  0.01314007 ... -0.00236812  0.00451525
 -0.01770479]"
a0c075a621684d34a4cd5077106cd858,ROBO_MODE,TECHNICAL_TERM,A communication mode using QPSK for carrier modulation within OFDM to achieve higher transmission robustness,12,,['709bb69a81ecc1f51a9d4420b7de6772'],"[-0.01678265  0.00707823 -0.02396136 ...  0.00065092  0.00349408
 -0.01773889]"
031cf63c7f164401a3a463773ae59c15,SHARED_BANDWIDTH,TECHNICAL_TERM,The data rate limitation for each system when different systems use the same physical media to transmit data,13,,['709bb69a81ecc1f51a9d4420b7de6772'],"[-0.0086291  -0.00335395  0.02504717 ... -0.014041   -0.01179418
 -0.01361118]"
c4ad691ed0de4ef6a7ac5dfb00ec5eef,SIGNAL_COUPLING,TECHNICAL_TERM,"SIGNAL_COUPLING refers to a method of coupling the signal on the communication media. This process encompasses the coupling of signals and includes additional requirements regarding the physical layer, MAC layer, and network layer interface. This ensures that the signals are effectively transmitted and received across different layers of the communication system, adhering to the necessary compliance standards and fostering seamless integration within the network infrastructure.",14,,['709bb69a81ecc1f51a9d4420b7de6772' '96fddbf4556ae84fd85ddd36d66bb9f0'],"[-0.04290026 -0.00352956  0.02047875 ... -0.00321852 -0.01458396
 -0.0142646 ]"
599f316831d846649e279bf6cb940a3f,SIGNAL_LEVEL_ATTENUATION_CHARACTERIZATION,TECHNICAL_TERM,A protocol to measure the signal strength between HomePlug Green PHY stations,15,,['709bb69a81ecc1f51a9d4420b7de6772'],"[-0.00866879 -0.01436503  0.01132335 ... -0.00411664 -0.01015507
 -0.00940847]"
c0713b3fd1be485c92440a5c1ae28a47,TONE_MASK,TECHNICAL_TERM,Defines the set of tones or carriers that can be used in a given regulatory jurisdiction or application,16,,['709bb69a81ecc1f51a9d4420b7de6772'],"[ 0.0046478  -0.00718044  0.00141504 ...  0.01100722 -0.00048226
 -0.01792327]"
b28c4aedf6aa409a82ddaa337dcde660,VALID_DUTY_CYCLE,TECHNICAL_TERM,"A duty cycle ranging from 5% or 10% to 96%, generated by the EVSE",17,,['709bb69a81ecc1f51a9d4420b7de6772'],"[-0.00240595 -0.03118665 -0.00460082 ... -0.00098035  0.00124585
 -0.01513159]"
584b20234e874d9d8ca74964be136ffd,ISO_15118-3:2015(E),STANDARD,The ISO standard that specifies the communication protocol for electric vehicle charging,18,,['709bb69a81ecc1f51a9d4420b7de6772'],"[ 0.00054208 -0.01196792  0.00263598 ... -0.01873183  0.00904876
 -0.0521695 ]"
7f2e82a3d79741ca889ac6f95a87d492,NATIONAL_TSING_HUA_UNIVERSITY,ORGANIZATION,An educational institution licensed to use the document,19,,"['1665ff673abe57f406cf7a5a48bacc00' '1cfc5b3783ecea8b1b50c0cf0b9da1d4'
 '3cbb86ac163ea9e314b953dbf0af5de4' '709bb69a81ecc1f51a9d4420b7de6772'
 '801f1b08acd1dd21d9f7c71417653091' '813b4f67ab4a26af5abc0fd23a1be814'
 '957d79ac926c7c8c427f6425d51c58b8' '96fddbf4556ae84fd85ddd36d66bb9f0'
 '9d51da4c009f3383f6178ae36d391c61' 'a882a8d895c3ca8c3bfe5dc8610f46bb'
 'b5864dde590dd2593deadbe32d3b3c2b']","[-0.0044798   0.00391261  0.0091498  ... -0.02139709  0.03333871
 -0.01008041]"
3a4b3626b4b24054a56537efb774530f,YI-SHIN_CHEN,PERSON,"An individual associated with National Tsing Hua University, licensed to use the document",20,,"['1665ff673abe57f406cf7a5a48bacc00' '1cfc5b3783ecea8b1b50c0cf0b9da1d4'
 '3cbb86ac163ea9e314b953dbf0af5de4' '709bb69a81ecc1f51a9d4420b7de6772'
 '801f1b08acd1dd21d9f7c71417653091' '813b4f67ab4a26af5abc0fd23a1be814'
 '957d79ac926c7c8c427f6425d51c58b8' '96fddbf4556ae84fd85ddd36d66bb9f0'
 '9d51da4c009f3383f6178ae36d391c61' 'a882a8d895c3ca8c3bfe5dc8610f46bb'
 'b5864dde590dd2593deadbe32d3b3c2b']","[-0.0114798  -0.00643956  0.01978058 ... -0.02975238  0.00974764
 -0.02430457]"
86bcb14eb24f465ba54cbb214566ec1a,ISO_STORE_ORDER,DOCUMENT,"An order from the ISO store, associated with the document",21,,"['1665ff673abe57f406cf7a5a48bacc00' '1cfc5b3783ecea8b1b50c0cf0b9da1d4'
 '3cbb86ac163ea9e314b953dbf0af5de4' '709bb69a81ecc1f51a9d4420b7de6772'
 '801f1b08acd1dd21d9f7c71417653091' '957d79ac926c7c8c427f6425d51c58b8'
 '96fddbf4556ae84fd85ddd36d66bb9f0' '9d51da4c009f3383f6178ae36d391c61'
 'a882a8d895c3ca8c3bfe5dc8610f46bb' 'b5864dde590dd2593deadbe32d3b3c2b']","[-0.01180218 -0.00655715 -0.01306596 ...  0.00736169  0.0112359
 -0.03966748]"
4c5e70249fa94950aecf9898b0848f26,CONTROL_PILOT_DUTY_CYCLE,TECHNICAL_TERM,"The ""CONTROL_PILOT_DUTY_CYCLE"" is a duty cycle used in the control pilot wire for communication between Electric Vehicles (EV) and Electric Vehicle Supply Equipment (EVSE). It is a parameter that should not impact the validation process.",22,,['709bb69a81ecc1f51a9d4420b7de6772' '96fddbf4556ae84fd85ddd36d66bb9f0'],"[-0.00723868 -0.03407726  0.00704693 ...  0.02485942 -0.02020256
 -0.01616205]"
04d6f77d458c4449bceed5680c7ef498,CONTROL_PILOT_WIRE,TECHNICAL_TERM,A wire used for communication and control between the EV and EVSE,23,,['709bb69a81ecc1f51a9d4420b7de6772'],"[-0.01053195 -0.02319291  0.01170291 ...  0.01469017 -0.01603411
 -0.01647322]"
2e500fe9710a4512b26eb52d6a4a16ce,IEEE,ORGANIZATION,"Institute of Electrical and Electronics Engineers, referenced for more information on inter system protocol",24,,['709bb69a81ecc1f51a9d4420b7de6772'],"[-0.01625546 -0.01177912 -0.00194065 ... -0.03691963 -0.00623441
 -0.033701  ]"
57d04c0982a542a3b61c6a83780452b6,OSI_LAYER_1,TECHNICAL_TERM,"The physical layer in the OSI model, responsible for the transmission and reception of unstructured raw data between a device and a physical transmission medium",25,,['709bb69a81ecc1f51a9d4420b7de6772'],"[ 0.01771553  0.00682937  0.00495244 ...  0.01732039 -0.02074495
 -0.01355337]"
ba98984a8a61424c9a5e0b17c5f6367b,OSI_LAYER_2,TECHNICAL_TERM,"The data link layer in the OSI model, responsible for node-to-node data transfer and error detection and correction",26,,['709bb69a81ecc1f51a9d4420b7de6772'],"[ 0.00611531  0.01215738 -0.00123005 ... -0.00148888 -0.03070637
 -0.01553961]"
49bd01dd713f4e2d9a15bb9cad882476,HOMEPLUG_GREEN_PHY,TECHNICAL_TERM,A power line communication specification for networking over existing home electrical wiring,27,,['709bb69a81ecc1f51a9d4420b7de6772'],"[-0.01213699  0.00165435  0.01052782 ... -0.0203056  -0.00955959
 -0.01963738]"
26301cbc0319439aab7a5da98db698cc,OFDM,TECHNICAL_TERM,"Orthogonal Frequency Division Multiplexing, a method of encoding digital data on multiple carrier frequencies",28,,['709bb69a81ecc1f51a9d4420b7de6772'],"[-0.01497071  0.00519412 -0.03107878 ...  0.01478556 -0.00141094
 -0.0230512 ]"
f0b318f47362465b9088dc297c9d1a7b,MINI_ROBO,TECHNICAL_TERM,A performance level of ROBO mode for communication robustness,29,,['709bb69a81ecc1f51a9d4420b7de6772'],"[-0.02433633 -0.00672262 -0.00367341 ... -0.016229   -0.00780599
 -0.02135169]"
f11b508714ec47ad850f65f5acc310f9,STANDARD_ROBO,TECHNICAL_TERM,A performance level of ROBO mode for communication robustness,30,,['709bb69a81ecc1f51a9d4420b7de6772'],"[-0.0079093  -0.00313601 -0.00493701 ... -0.0155595   0.002697
 -0.02871528]"
53b118a318574fc59ab724b2b5941bd0,HIGH_SPEED_ROBO,TECHNICAL_TERM,A performance level of ROBO mode for communication robustness,31,,['709bb69a81ecc1f51a9d4420b7de6772'],"[-0.02323653  0.00555394 -0.01456005 ... -0.01654486 -0.00216912
 -0.01678588]"
0c9c86d2443b46299d78e08447ea859d,ARIB,ORGANIZATION,"Association of Radio Industries and Businesses, mentioned in the context of symbols and abbreviated terms",32,,['709bb69a81ecc1f51a9d4420b7de6772'],"[-0.03281641 -0.02285428  0.00131685 ... -0.02509177 -0.03175094
 -0.03414824]"
df4c5f1c187648c0b26e6dda696c5438,FCC,ORGANIZATION,"Federal Communications Commission, mentioned in the context of symbols and abbreviated terms",33,,['709bb69a81ecc1f51a9d4420b7de6772'],"[-0.00752468  0.00670497  0.01299368 ...  0.0057892  -0.02206812
 -0.04034508]"
bdcb552995454efeb05ed8d4f5b24f30,ITU,ORGANIZATION,"International Telecommunication Union, mentioned in the context of symbols and abbreviated terms",34,,['709bb69a81ecc1f51a9d4420b7de6772'],"[-0.01559383 -0.01243732  0.01828826 ... -0.01746822 -0.01267812
 -0.04370959]"
70b41d832c3a490c81cfedbfb626402e,ERDF,ORGANIZATION,"Electricité et Réseau de France, mentioned in the context of symbols and abbreviated terms",35,,['709bb69a81ecc1f51a9d4420b7de6772'],"[-0.01330346 -0.00143501 -0.00694466 ... -0.00645425 -0.02066941
 -0.02709404]"
c3b02a4717ee429a86bdbdfbcf69e6c3,ISO_15118-1,STANDARD,An ISO standard referenced in the context of matching and plug and charge,36,,['709bb69a81ecc1f51a9d4420b7de6772'],"[ 0.00816559 -0.01453449  0.01639823 ... -0.01140367 -0.00012392
 -0.04025141]"
301090c8fcd8420ab14cd4f7c4782b17,IO_CONTROL_PATH,,,37,,['709bb69a81ecc1f51a9d4420b7de6772'],"[-0.01657569 -0.00771576 -0.00730504 ...  0.03197788  0.00461332
 -0.01004076]"
b9560575b30b4979afa3d1c1ee825f2d,SYMBOLS_AND_ABBREVIATED_TERMS,,,38,,['709bb69a81ecc1f51a9d4420b7de6772'],"[-0.03503467 -0.00168959  0.012415   ... -0.0007471  -0.02466474
 -0.02482999]"
4c7e885d47e44f62a8deb7f6ac32a3d7,EV,DEVICE,The Electric Vehicle (EV) involved in the communication process,39,,['96fddbf4556ae84fd85ddd36d66bb9f0'],"[-0.00580182  0.00471746  0.00830797 ...  0.01035876 -0.00868144
 -0.04824915]"
49f706a94650417593590943fce765ef,EVSE,DEVICE,The Electric Vehicle Supply Equipment (EVSE) involved in the communication process,40,,['1cfc5b3783ecea8b1b50c0cf0b9da1d4' '96fddbf4556ae84fd85ddd36d66bb9f0'],"[-0.0016533   0.00531694  0.01519494 ...  0.0004479   0.00066663
 -0.02458723]"
3694530c9d4c4bd4841fa2474b914319,C_EV_VALD_NB_TOGGLES,PARAMETER,A parameter representing the number of BCB-Toggles the EV must perform during the validation process,41,,['96fddbf4556ae84fd85ddd36d66bb9f0'],"[-0.01679084 -0.01459684  0.02176093 ...  0.0025093  -0.00748125
 -0.03605926]"
4d7b56688c7547c3baecec13b0699ef7,TP_EV_VALD_TOGGLE,PARAMETER,A parameter that the EV must adjust in coherence with the number of BCB-Toggles,42,,['96fddbf4556ae84fd85ddd36d66bb9f0'],"[-0.02439563 -0.03105169  0.03072483 ...  0.01576356 -0.00741749
 -0.02372705]"
4fa0c328a7e34502a5e56a3edf1915b3,D-LINK_READY.INDICATION,MESSAGE,"A message indicating the status of the communication link, either 'link established' or 'no link'",43,,['96fddbf4556ae84fd85ddd36d66bb9f0'],"[-0.01267626  0.0132223  -0.01602158 ... -0.02044514 -0.00265068
 -0.01871719]"
043512f3fbc64b0aaae89114018e1b87,D-LINK_TERMINATE.REQUEST,MESSAGE,A message requesting lower layers to terminate the data link,44,,['96fddbf4556ae84fd85ddd36d66bb9f0'],"[-0.00529029  0.00091536 -0.01147854 ... -0.01740228 -0.01634422
 -0.00422875]"
8200e368060a4282ac184cdcbc08eb6f,D-LINK_ERROR.REQUEST,MESSAGE,A message requesting lower layers to terminate the data link and restart the matching process,45,,['96fddbf4556ae84fd85ddd36d66bb9f0'],"[-0.02403147  0.00841101 -0.00954191 ... -0.00338208 -0.01497019
 -0.00327782]"
ba077aa8f6b54c899099a2e9289791cb,D-LINK_PAUSE.REQUEST,MESSAGE,A message requesting lower layers to enter a power-saving mode while keeping the state to 'Matched',46,,['96fddbf4556ae84fd85ddd36d66bb9f0'],"[-0.01379942 -0.00905519 -0.00318809 ...  0.00028478  0.00275664
 -0.00413766]"
bea58e57981c4d14ac9c048ebe2bdd20,HLE,COMPONENT,A higher layer entity involved in the binding process,47,,['96fddbf4556ae84fd85ddd36d66bb9f0'],"[-0.00386419  0.00385394 -0.00926585 ... -0.01492377 -0.01611275
 -0.01278497]"
d1cb109d239d4a8f8cdde9cc27996c4a,TP_MATCH_LEAVE,PARAMETER,A parameter defining the time within which the communication node must leave the logical network,48,,['96fddbf4556ae84fd85ddd36d66bb9f0'],"[-0.00191266  0.01429655  0.01053822 ... -0.01238389  0.02390449
 -0.02240115]"
7054ffb41cf246c29e529cd030f8f588,STATE_A,STATE,A state detected on the EVSE side that triggers the communication node to leave the logical network,49,,['96fddbf4556ae84fd85ddd36d66bb9f0'],"[ 0.00050658  0.00122546  0.00250442 ...  0.00777388  0.01484355
 -0.02861009]"
2d8bd86c80824436ae4251bd0cb79546,STATE_E,STATE,A state detected on the EV side that triggers the communication node to leave the logical network,50,,['96fddbf4556ae84fd85ddd36d66bb9f0'],"[-0.00249851  0.00441143  0.00262627 ...  0.00841118  0.0155589
 -0.03188439]"
c56673d1bcb14846b9a61af7fc81145c,IEC-21,STANDARD,A standard defining EMC requirements,51,,['96fddbf4556ae84fd85ddd36d66bb9f0'],"[ 0.00603678  0.0025879   0.02609257 ... -0.00834042  0.01045675
 -0.02881356]"
e562b674bd0e4276b3c7fb4620baddb9,IEC-22,STANDARD,A standard defining technology-related EMC requirements,52,,['96fddbf4556ae84fd85ddd36d66bb9f0'],"[ 0.00772762 -0.00327025  0.02101028 ... -0.00680395  0.00644944
 -0.01931905]"
e60a9744cb914c899a70a83cb50b7cc4,DATA_SAP,INTERFACE,"An interface between the communication technology and layer 3, such as IPv6",53,,['96fddbf4556ae84fd85ddd36d66bb9f0'],"[-0.0018063   0.01391866  0.01310109 ... -0.01693636 -0.01518157
 -0.0009314 ]"
af2fd73dcc7b450da541a07877298f6f,DATA_LINK_CONTROL_SAP,INTERFACE,"An interface providing link status information, error information, and control functionality between the connection coordination and higher layers",54,,['96fddbf4556ae84fd85ddd36d66bb9f0'],"[-0.01241632  0.01446282  0.02207194 ...  0.00433679 -0.01196307
 -0.00730695]"
82547d6645bf47129f2e9c196d9f1f29,ISO 15118-3:2015(E),STANDARD,The ISO standard that specifies the communication protocol for electric vehicle charging,55,,['07939237b6923afcd1c1594479669640' '96fddbf4556ae84fd85ddd36d66bb9f0'],"[-0.0017416  -0.00742566  0.00307731 ... -0.02016829  0.0096637
 -0.04840907]"
854aebf83ff14be6b3735ede957df274,EMC_REQUIREMENTS,,Requirements related to Electromagnetic Compatibility (EMC) as defined in the document,56,,['96fddbf4556ae84fd85ddd36d66bb9f0'],"[-0.02043528 -0.003685    0.0058973  ... -0.01133194  0.00446044
 -0.01631694]"
0bb45b3fc9574eb191806ce246dfb492,PHYSICAL_LAYER,,The physical layer involved in signal coupling and communication,57,,['96fddbf4556ae84fd85ddd36d66bb9f0'],"[-0.01576338  0.0211349   0.01252487 ... -0.01227775 -0.02183723
 -0.02549194]"
3b4abe1efb3b459a82e6252c3f8065c0,MAC_LAYER,,The Medium Access Control (MAC) layer involved in signal coupling and communication,58,,['96fddbf4556ae84fd85ddd36d66bb9f0'],"[-0.01833829 -0.00432969 -0.00813655 ... -0.00720199 -0.02154062
 -0.02361888]"
056fb10f3fd64ebf8720002777cffdab,NETWORK_LAYER,,The network layer interface involved in signal coupling and communication,59,,['96fddbf4556ae84fd85ddd36d66bb9f0'],"[-0.0279069   0.01238217  0.01095863 ... -0.02785318 -0.01228817
 -0.02782632]"
1f46b5f27fc44bb888c1bba548624058,LAYER_3,,,60,,['96fddbf4556ae84fd85ddd36d66bb9f0'],"[-0.02137133  0.00205016 -0.00610964 ...  0.00187798 -0.01871589
 -0.01405111]"
b0bb2f7cdbcb4e73945fc79180c1608a,COMMUNICATION_NODE,,,61,,['96fddbf4556ae84fd85ddd36d66bb9f0'],"[-0.01539917  0.00443029  0.00861128 ... -0.00874661 -0.01299171
 -0.0216671 ]"
60ac0dca25df4caf868876e1c2daec60,NATIONAL TSING HUA UNIVERSITY,ORGANIZATION,An educational institution licensed to use the document,62,,['07939237b6923afcd1c1594479669640'],"[-0.0058859  -0.00513259  0.01014464 ... -0.02157495  0.03238251
 -0.01916434]"
4c5c053b479e49c787e0c00b3495bcac,YI-SHIN CHEN,PERSON,"An individual associated with National Tsing Hua University, licensed to use the document",63,,['07939237b6923afcd1c1594479669640'],"[-0.00930022 -0.00230979  0.01737941 ... -0.03003748  0.00595594
 -0.02971187]"
3f2b9342b78c4fe0be70d716a64c79ca,ISO STORE ORDER,DOCUMENT,"An order from the ISO store, associated with the document",64,,['07939237b6923afcd1c1594479669640'],"[-0.00335344 -0.00551028 -0.01297742 ...  0.00645896  0.01306997
 -0.03630768]"
6f0fe2b3a12f4018b234b724651a35cc,ANNEX A,DOCUMENT_SECTION,A section in the ISO 15118-3:2015(E) standard that describes requirements for HomePlug Green PHY Technology on control pilot line,65,,['07939237b6923afcd1c1594479669640'],"[ 0.00714477 -0.02069383  0.00061458 ...  0.00703804  0.00351568
 -0.01450302]"
5033e75297634031ab33e224ab3cdc73,HOMEPLUG GREEN PHY,TECHNOLOGY,"A technology used for communication over power lines, specifically mentioned in the context of control pilot lines",66,,['07939237b6923afcd1c1594479669640'],"[-0.00966378 -0.01523594  0.01342566 ... -0.00317471 -0.00740935
 -0.00215181]"
f74938cd916d47a9aa981f8aeab35e21,IEEE 1901,STANDARD,"A standard for Broadband over Power Line Networks, referenced in the document",67,,['07939237b6923afcd1c1594479669640'],"[-0.01000745 -0.00508892  0.00184977 ... -0.03785398 -0.00319983
 -0.02469422]"
1d408d61ccb54e988286f06041b2d781,AMPLITUDE MAP,TECHNICAL_TERM,Specifies a transmit power-reduction factor for each subcarrier related to the Tone Mask,68,,['07939237b6923afcd1c1594479669640'],"[-0.00894556 -0.01671884  0.01733289 ... -0.0064789  -0.01382305
 -0.02874859]"
171b98710b7345b292cb8af46e4c4cf9,CENTRAL COORDINATOR,ROLE,Manager of a HomePlug Green PHY network,69,,['07939237b6923afcd1c1594479669640'],"[-0.00519785 -0.014001    0.00018403 ... -0.00422876 -0.00913521
 -0.00622455]"
7df3c8c796b14bebb543fc93b30e282e,CHANNEL ACCESS PRIORITY,TECHNICAL_TERM,Method to prioritize the channel access,70,,['07939237b6923afcd1c1594479669640'],"[-0.00011071  0.0022599  -0.01007167 ... -0.0128476   0.00968019
  0.00302862]"
b6dc9a93c4c54365ba410ac9c44419ac,INTER SYSTEM PROTOCOL,TECHNICAL_TERM,"Enables various Broadband Power Line systems to share power line communication resources in time, frequency, or both",71,,['07939237b6923afcd1c1594479669640'],"[-0.01296138 -0.00981314 -0.00649409 ... -0.02004158 -0.00763616
 -0.02206449]"
ae5e642e497644e08cf85b436f625d4b,MANAGEMENT MESSAGE ENTRY,TECHNICAL_TERM,Messages exchanged between PLC nodes or a PLC node and higher layers for control purposes,72,,['07939237b6923afcd1c1594479669640'],"[-0.01595622 -0.00236987 -0.01269091 ... -0.01619859  0.00436944
 -0.03996459]"
c52e8d03635d4389b9414d3c88bcbaab,QPSK MODULATION,TECHNICAL_TERM,Phase modulation technique that transmits two bits in four modulation states,73,,['07939237b6923afcd1c1594479669640'],"[-0.00583284  0.02451418  0.0147917  ... -0.00079044  0.00740885
 -0.0154416 ]"
dca1c2a443564a69a8a87a19956b0b5d,ROBO MODE,TECHNICAL_TERM,Communication mode which uses QPSK only for carrier modulation within the orthogonal frequency division multiplexing (OFDM) to achieve higher robustness in transmission,74,,['07939237b6923afcd1c1594479669640'],"[-0.01536534  0.00819615 -0.02143607 ... -0.00291675 -0.00219203
 -0.01517034]"
94048d18099f466f8148da501ee2275a,SIGNAL LEVEL ATTENUATION CHARACTERIZATION,TECHNICAL_TERM,Protocol to measure the signal strength of a signal between HomePlug Green PHY stations,75,,['07939237b6923afcd1c1594479669640'],"[-0.00946266 -0.01486398  0.01395916 ... -0.00935906 -0.01219095
 -0.00458283]"
7d25ee244f214588bcef970042c69cec,TONE MASK,TECHNICAL_TERM,Defines the set of tones (or carriers) that can be used in a given regulatory jurisdiction or given application,76,,['07939237b6923afcd1c1594479669640'],"[-0.00227864 -0.00763778  0.00104326 ...  0.00047861 -0.00394251
 -0.01150678]"
2a9adce8a12b4473a244711265830fc6,ETH SAP,TECHNICAL_TERM,An Ethernet II-class Service Access Point provided by the data link layer of HomePlug Green PHY,77,,['07939237b6923afcd1c1594479669640'],"[-0.00228048 -0.0017983   0.00303034 ... -0.01991857  0.00091288
 -0.01162031]"
ed34df0f1a9a49218d15a74412b39f00,DATA LINK CONTROL SAP,TECHNICAL_TERM,A Service Access Point that indicates link status and error information to higher layers,78,,['07939237b6923afcd1c1594479669640'],"[-0.01589754  0.01916284  0.00956758 ...  0.00300241 -0.00944998
  0.00015598]"
0ebc646fbb4346f0b119047acb55b5f3,CONNECTION COORDINATION ENTITY,ROLE,Entity responsible for providing the data link control SAP,79,,['07939237b6923afcd1c1594479669640'],"[-0.00968092 -0.00825304  0.01956681 ... -0.00152182 -0.00750835
 -0.00492586]"
246dc83f929b4d47bfb99c3de53b0428,SIGNAL COUPLING INTERFACE,TECHNICAL_TERM,The interface described in Annex A.11 for signal coupling,80,,['07939237b6923afcd1c1594479669640'],"[-0.04229239 -0.00982083  0.00487591 ... -0.02535611 -0.00617339
 -0.02111859]"
77ab29e3c9f74b08b9db72107c16ad84,MAC/PHY STACK,TECHNICAL_TERM,The HomePlug Green PHY MAC and PHY layer as represented in the system architecture,81,,['07939237b6923afcd1c1594479669640'],"[-0.01063459 -0.00875946 -0.000176   ... -0.01409994 -0.02267387
 -0.02089813]"
a76fbe4504074eef96c941aa3ddd5e7b,COMMUNICATION MEDIA,TECHNICAL_TERM,The control pilot line used as the communication media in the system architecture,82,,['07939237b6923afcd1c1594479669640'],"[-0.01012583 -0.00092053 -0.00025083 ...  0.01327814 -0.02019867
 -0.02074172]"
590fc26e809142d98154445d90617bcf,DATA LINK LAYER,TECHNICAL_TERM,Layer that provides two interfaces to higher layers: the ETH SAP and the data link control SAP,83,,['07939237b6923afcd1c1594479669640'],"[-0.00599629  0.00238508  0.00561334 ... -0.00482727 -0.01249648
 -0.00627511]"
60dde818ea9f483eb2b56e0bf7b3e2f4,CONVERGENCE LAYER,TECHNICAL_TERM,Layer that allows the data link layer of HomePlug Green PHY to provide an Ethernet II-class SAP to higher layers,84,,['07939237b6923afcd1c1594479669640'],"[ 0.00745848  0.01016578  0.00214272 ... -0.00681516 -0.0162304
  0.00116183]"
ab5b7ae81adb463aa5996a257fec93c8,ISO 15118,STANDARD,A family of standards that specify the communication protocol for electric vehicle charging,85,,['07939237b6923afcd1c1594479669640'],"[ 0.00384669 -0.00038606  0.00128661 ... -0.01885274  0.00963643
 -0.05206821]"
a9f2767b67e64338a4cfef0a2a3167ca,15118-3:A.8,DOCUMENT_SECTION,A section in the ISO 15118-3 document,86,,['957d79ac926c7c8c427f6425d51c58b8'],"[-0.00846102  0.01798299 -0.00321764 ... -0.02216046  0.00871963
 -0.03196092]"
21c063372f904ba1a0c2b00cc94fad73,15118-3:6.4.3.2,DOCUMENT_SECTION,A section in the ISO 15118-3 document,87,,['957d79ac926c7c8c427f6425d51c58b8'],"[-0.00718426  0.01380871 -0.00391536 ... -0.02275239  0.00670109
 -0.02953678]"
d4ca301abcba4808a4f38ac4c6d8b76c,15118-3:A.9,DOCUMENT_SECTION,A section in the ISO 15118-3 document,88,,['957d79ac926c7c8c427f6425d51c58b8'],"[-0.00735487  0.01649555 -0.00033525 ... -0.02189264  0.00661079
 -0.03206512]"
73e120871ce7483dbb6d4cead4ed8395,V2G3-A09-04,REQUIREMENT,A specific requirement referenced in the document,89,,['957d79ac926c7c8c427f6425d51c58b8'],"[-0.00035737 -0.00290896  0.00127611 ... -0.02803274 -0.0042976
  0.00102939]"
6f1a122e6bec45f58a2a99e320ac96ed,V2G3-A09-05,REQUIREMENT,A specific requirement referenced in the document,90,,['957d79ac926c7c8c427f6425d51c58b8'],"[-0.00091909 -0.00171153  0.00233482 ... -0.02729117 -0.00284644
  0.00032664]"
5e1fc8a545364cb298757468cfa23512,V2G3-A09-18,REQUIREMENT,A specific requirement referenced in the document,91,,['3cbb86ac163ea9e314b953dbf0af5de4' '957d79ac926c7c8c427f6425d51c58b8'],"[-0.00310074 -0.00186411  0.00460938 ... -0.02704883 -0.00181071
  0.00253166]"
834eeba0405a49d1b7cedc69b0f1c685,V2G3-A08-01,REQUIREMENT,A specific requirement referenced in the document,92,,['957d79ac926c7c8c427f6425d51c58b8'],"[-0.00198669 -0.00230895 -0.00066195 ... -0.02664423 -0.00254981
 -0.00066901]"
361caaa0099940e3a4296ea80b983f17,V2G3-A09-07,REQUIREMENT,A specific requirement referenced in the document,93,,['957d79ac926c7c8c427f6425d51c58b8'],"[-0.000818   -0.00160926  0.00133269 ... -0.02699137 -0.00229106
 -0.00099095]"
74c84ce004e44aae9889da7324aecd3a,V2G3-A09-08,REQUIREMENT,A specific requirement referenced in the document,94,,['957d79ac926c7c8c427f6425d51c58b8'],"[-0.00272157 -0.00313256  0.00100994 ... -0.02635694 -0.00375573
  0.00075014]"
07cba1ebb5d1484994271979f7566846,V2G3-A09-09,REQUIREMENT,A specific requirement referenced in the document,95,,['957d79ac926c7c8c427f6425d51c58b8'],"[-0.00057437 -0.00353538  0.00094299 ... -0.02627046 -0.00455501
 -0.0009963 ]"
4d45f7d1ed0c4e6eb8c8266327eb0911,V2G3-A09-10,REQUIREMENT,A specific requirement referenced in the document,96,,['957d79ac926c7c8c427f6425d51c58b8'],"[-0.00015876 -0.00795597  0.00162373 ... -0.02858304 -0.00373227
  0.00044536]"
6d3f1f6e499c45c8bc074f8aee4efddd,V2G3-M06-13,REQUIREMENT,A specific requirement referenced in the document,97,,['957d79ac926c7c8c427f6425d51c58b8'],"[ 0.00191385  0.00016596  0.00032628 ... -0.024222   -0.00283737
 -0.00075026]"
bd926ed5f0e84c8c9467d0d7ce9b3fbf,V2G3-A09-01,REQUIREMENT,"The entity ""V2G3-A09-01"" is a specific requirement referenced in the document.",98,,"['1665ff673abe57f406cf7a5a48bacc00' '1cfc5b3783ecea8b1b50c0cf0b9da1d4'
 '3cbb86ac163ea9e314b953dbf0af5de4' '801f1b08acd1dd21d9f7c71417653091'
 '957d79ac926c7c8c427f6425d51c58b8' '9d51da4c009f3383f6178ae36d391c61']","[-0.00119636 -0.0116381   0.00926887 ... -0.02859187 -0.01314823
  0.00168212]"
5648f138aac0421281fed13d648a875d,V2G3-A09-17,REQUIREMENT,"""V2G3-A09-17"" is a specific requirement referenced in the document.",99,,"['1665ff673abe57f406cf7a5a48bacc00' '1cfc5b3783ecea8b1b50c0cf0b9da1d4'
 '3cbb86ac163ea9e314b953dbf0af5de4' '801f1b08acd1dd21d9f7c71417653091'
 '957d79ac926c7c8c427f6425d51c58b8' '9d51da4c009f3383f6178ae36d391c61']","[-0.0054365  -0.00558631  0.0062022  ... -0.03022867 -0.00986094
 -0.00407821]"
672c7ff1985c460a8ebedcf73d0f253d,ISO_15118-5:2018(E),STANDARD,An ISO standard referenced in the document,100,,"['1665ff673abe57f406cf7a5a48bacc00' '1cfc5b3783ecea8b1b50c0cf0b9da1d4'
 '3cbb86ac163ea9e314b953dbf0af5de4' '801f1b08acd1dd21d9f7c71417653091'
 '813b4f67ab4a26af5abc0fd23a1be814' '957d79ac926c7c8c427f6425d51c58b8'
 '9d51da4c009f3383f6178ae36d391c61' 'a882a8d895c3ca8c3bfe5dc8610f46bb'
 'b5864dde590dd2593deadbe32d3b3c2b']","[ 0.00141123  0.0080791   0.00377851 ... -0.02066108  0.00716547
 -0.04411526]"
3abc52a23d46461abd9b3264a67e5d06,CF_05_002,CONFIGURATION,"""CF_05_002"" is a specific configuration identifier referenced and mentioned multiple times within the document. It serves as a configuration ID used in the context of the document, indicating its importance and relevance to the content discussed.",101,,"['1665ff673abe57f406cf7a5a48bacc00' '1cfc5b3783ecea8b1b50c0cf0b9da1d4'
 '3cbb86ac163ea9e314b953dbf0af5de4' '801f1b08acd1dd21d9f7c71417653091'
 '957d79ac926c7c8c427f6425d51c58b8' '9d51da4c009f3383f6178ae36d391c61'
 'a882a8d895c3ca8c3bfe5dc8610f46bb' 'b5864dde590dd2593deadbe32d3b3c2b']","[-0.01283127  0.00774003 -0.00358051 ... -0.00011012 -0.01521385
 -0.00951697]"
6897e24f13874818883c6eb0a23f4bc0,PICS_SELECTION,TECHNICAL_TERM,A selection parameter used in the context of the document,102,,"['3cbb86ac163ea9e314b953dbf0af5de4' '801f1b08acd1dd21d9f7c71417653091'
 '957d79ac926c7c8c427f6425d51c58b8' 'a882a8d895c3ca8c3bfe5dc8610f46bb'
 'b5864dde590dd2593deadbe32d3b3c2b']","[-0.02878132  0.01411697  0.03851915 ... -0.00620498  0.01856813
 -0.03134543]"
982f3e1214854bceba735df156e1d624,PIXIT_SELECTION,TECHNICAL_TERM,A selection parameter used in the context of the document,103,,"['3cbb86ac163ea9e314b953dbf0af5de4' '801f1b08acd1dd21d9f7c71417653091'
 '957d79ac926c7c8c427f6425d51c58b8' 'a882a8d895c3ca8c3bfe5dc8610f46bb'
 'b5864dde590dd2593deadbe32d3b3c2b']","[-0.01721563  0.01239047  0.02148432 ... -0.00468076  0.01253839
 -0.04564537]"
0f875f6415974073bcc56ac55324ccbb,PRECONDITION,TECHNICAL_TERM,A condition that must be met before a test or procedure can proceed,104,,"['3cbb86ac163ea9e314b953dbf0af5de4' '801f1b08acd1dd21d9f7c71417653091'
 '957d79ac926c7c8c427f6425d51c58b8' 'a882a8d895c3ca8c3bfe5dc8610f46bb']","[ 0.00949741 -0.00198223 -0.00172469 ... -0.00563597  0.00685887
 -0.00089142]"
84f4bd0aba68449eb8a5c0d190ad8b11,F_EVCC_CMN_PR_DUTYCYCLE_001,TEST_CASE,"""F_EVCC_CMN_PR_DUTYCYCLE_001"" is a specific test case related to the EVCC common duty cycle functionality. This test case focuses on evaluating the performance and compliance of the Electric Vehicle Communication Controller (EVCC) in managing the duty cycle, ensuring it adheres to the necessary standards and regulatory requirements. The test case is crucial for validating the EVCC's ability to maintain consistent and reliable communication, which is essential for the efficient operation of electric vehicle charging systems.",105,,"['1cfc5b3783ecea8b1b50c0cf0b9da1d4' '801f1b08acd1dd21d9f7c71417653091'
 '957d79ac926c7c8c427f6425d51c58b8']","[ 0.00471399 -0.00743949 -0.0164086  ...  0.01129829  0.00613237
 -0.0348196 ]"
803828ce7de840dc9508153ce96c8871,EXPECTED_BEHAVIOR,TECHNICAL_TERM,The anticipated outcome or response in a given test scenario,106,,"['1665ff673abe57f406cf7a5a48bacc00' '3cbb86ac163ea9e314b953dbf0af5de4'
 '957d79ac926c7c8c427f6425d51c58b8' 'a882a8d895c3ca8c3bfe5dc8610f46bb']","[-0.02039095 -0.00836342  0.02371453 ... -0.01614113  0.01132604
 -0.01111491]"
c07712fcdaf54969a1f0b52b67eedb08,F_EVCC_CMN_TB_VTB_CMSLACPARM_003,TEST_CASE,A specific test case related to the EVCC CMN TB VTB CmSlacParm functionality,107,,['957d79ac926c7c8c427f6425d51c58b8'],"[-0.01036662  0.00889978 -0.00959089 ...  0.00332684  0.00242769
 -0.01557109]"
a77652fc1f894010aa2d11f5b1895713,TABLE_142,DOCUMENT_SECTION,A table in the document that lists the test case description for 'TC_EVCC_CMN_VTB_CmSlacParm_008',108,,['957d79ac926c7c8c427f6425d51c58b8'],"[-0.01878931  0.02164584 -0.01749971 ... -0.00829226 -0.01229972
 -0.02570877]"
d93b9ba3eaa74fae84db507a4ddc5817,TC_EVCC_CMN_VTB_CMSLACPARM_008,TEST_CASE,A specific test case related to the EVCC CMN VTB CmSlacParm functionality,109,,['957d79ac926c7c8c427f6425d51c58b8'],"[-0.00925907  0.01268307 -0.00891667 ...  0.00055685  0.00077887
 -0.01626401]"
410095ada6af4c979ac934b9c13f0539,TEST_OBJECTIVE,TECHNICAL_TERM,The goal or purpose of a specific test case,110,,"['801f1b08acd1dd21d9f7c71417653091' '957d79ac926c7c8c427f6425d51c58b8'
 'a882a8d895c3ca8c3bfe5dc8610f46bb']","[-0.00267222  0.00203388  0.02177166 ...  0.00807439  0.0004864
 -0.01564626]"
fa8e2425acda402ab71920fdcb3a179c,CM_SLAC_PARM.REQ,MESSAGE,A request message used in the communication process,111,,['957d79ac926c7c8c427f6425d51c58b8'],"[-0.00158421  0.01838656 -0.00894369 ... -0.00028881  0.00435398
 -0.01701381]"
4df3a220bfe14cffaccec223bac8daa9,CM_SLAC_PARM.CNF,MESSAGE,"""CM_SLAC_PARM.CNF"" is a confirmation message used in the communication process. It contains the current runID, EV MAC, and additional valid parameters, ensuring that all necessary information is conveyed accurately during the communication.",112,,['3cbb86ac163ea9e314b953dbf0af5de4' '957d79ac926c7c8c427f6425d51c58b8'],"[-0.0023086   0.01604619 -0.01471241 ...  0.00417827  0.00215548
 -0.01916288]"
755dd92371a84a658f103e0a942bc35b,DOCUMENT_REFERENCE,TECHNICAL_TERM,A reference to a specific document or section within a document,113,,"['801f1b08acd1dd21d9f7c71417653091' '957d79ac926c7c8c427f6425d51c58b8'
 'a882a8d895c3ca8c3bfe5dc8610f46bb']","[-0.02772012  0.01202961 -0.01540149 ... -0.00678231 -0.01342332
 -0.01942207]"
97f5423c3f8546d9bb888b7cb7aa004a,ISO:15118-3:2015:IS,DOCUMENT,"The ISO:15118-3:2015:IS is an International Standard document that serves as a reference for the ISO 15118-3:2015 standard. This ISO standard specifies the communication protocol for electric vehicle charging, ensuring interoperability and compliance within the electric vehicle charging infrastructure.",114,,"['957d79ac926c7c8c427f6425d51c58b8' '9d51da4c009f3383f6178ae36d391c61'
 'b5864dde590dd2593deadbe32d3b3c2b']","[-0.00404974 -0.00537499  0.00206025 ... -0.03180604  0.00829891
 -0.05089995]"
84dcb848cefc445aa5d72495fe406501,15118-3:A.9.1.2,DOCUMENT_SECTION,A section in the ISO 15118-3 document,115,,['957d79ac926c7c8c427f6425d51c58b8'],"[-0.00686578  0.01567621  0.0020141  ... -0.02309761  0.00519895
 -0.03251657]"
e95eb56bd93b4bb0a2b1c6dc72ad61a3,15118-3:A.9.1.3.2,DOCUMENT_SECTION,A section in the ISO 15118-3 document,116,,['957d79ac926c7c8c427f6425d51c58b8'],"[-0.00590162  0.01661391  0.00292124 ... -0.02461855  0.00259099
 -0.03136138]"
f7991ab764724654b027643aec0eb8f8,15118-3:A.9.2.1,DOCUMENT_SECTION,A section in the ISO 15118-3 document,117,,['957d79ac926c7c8c427f6425d51c58b8'],"[-0.00724944  0.01617183  0.00075225 ... -0.02409841  0.00338905
 -0.02992718]"
6b920a1e0a1c45aa97230c2edac46fff,TABLE_143,DOCUMENT_SECTION,A table in the document that lists the test case description for 'TC_EVCC_CMN_VTB_CmSlacParm_009',118,,['957d79ac926c7c8c427f6425d51c58b8'],"[-0.01717347  0.02052985 -0.01639032 ... -0.00781757 -0.01067049
 -0.02609585]"
2319efba8aab4af2be101dac79666e39,TC_EVCC_CMN_VTB_CMSLACPARM_009,TEST_CASE,A specific test case related to the EVCC CMN VTB CmSlacParm functionality,119,,['957d79ac926c7c8c427f6425d51c58b8'],"[-0.00855676  0.0128102  -0.00929773 ... -0.00075121  0.00014394
 -0.01702802]"
bba76aa82dc2483197aa7ab6b9e9b069,CM_START_ATTEN_CHAR.IND,MESSAGE,"""CM_START_ATTEN_CHAR.IND"" is an indication message related to the start of attenuation characterization. It is used in the communication process.",120,,['3cbb86ac163ea9e314b953dbf0af5de4' '957d79ac926c7c8c427f6425d51c58b8'],"[-0.00878306  0.01198565 -0.00153515 ... -0.01286533 -0.02256932
 -0.02908445]"
16f313164d7d4e6297b10d22578b6cbd,CM_MNBC_SOUND.IND,MESSAGE,"""CM_MNBC_SOUND.IND"" is an indication message related to MNBC sound, which is used in the communication process.",121,,['3cbb86ac163ea9e314b953dbf0af5de4' '957d79ac926c7c8c427f6425d51c58b8'],"[-0.01709698 -0.00249584  0.00700585 ... -0.01133062 -0.01682752
 -0.03017906]"
90c0dd2d0d9e46669f5ba26a04b18234,CM_ATTEN_CHAR.RSP,MESSAGE,"""CM_ATTEN_CHAR.RSP"" is a response message related to attenuation characterization, utilized in the communication process.",122,,['3cbb86ac163ea9e314b953dbf0af5de4' '957d79ac926c7c8c427f6425d51c58b8'],"[-0.00170297  0.01390177 -0.004218   ... -0.00932436 -0.0211985
 -0.02848168]"
e1226e1d9f45438c99709fd3e2e8fabd,CM_VALIDATE.REQ,MESSAGE,"""CM_VALIDATE.REQ"" is a request message used in the communication process.",123,,['1cfc5b3783ecea8b1b50c0cf0b9da1d4' '957d79ac926c7c8c427f6425d51c58b8'],"[-0.00114878  0.01057523 -0.01705682 ...  0.00539678  0.00311799
 -0.01475074]"
efa2517431b14e6fa10e16a863b014da,CM_SLAC_MATCH.REQ,MESSAGE,A request message used in the communication process,124,,['957d79ac926c7c8c427f6425d51c58b8'],"[-0.01168354  0.01296251  0.00185105 ... -0.00191327  0.01123418
 -0.00538203]"
5b9857db276c48569a89c5ca2f9e5d8f,F_RANDOMHEXSTRINGGEN,TECHNICAL_TERM,A function or method related to generating random hexadecimal strings,125,,['957d79ac926c7c8c427f6425d51c58b8'],"[-0.02238313 -0.00060223 -0.01320238 ... -0.01614521  0.01514714
 -0.03270139]"
02994e09e7b540389fe62c421eaddbe4,15118-3:A.6.5.2,DOCUMENT_SECTION,A section in the ISO 15118-3 document,126,,['957d79ac926c7c8c427f6425d51c58b8'],"[-0.00923446  0.01734518  0.00147986 ... -0.0230564   0.00677546
 -0.02987814]"
3f4fb4f8f02d4d21ae200656ee4a2497,V2G3-A06-05,REQUIREMENT,A specific requirement referenced in the document,127,,['957d79ac926c7c8c427f6425d51c58b8'],"[-0.00038023 -0.00088797  0.00206003 ... -0.02796328  0.00110893
 -0.00226936]"
2fc7d89ff1e6461ca0c61429e304d148,TC_EVCC_CMN_VTB_ATTENUATIONCHARACTERIZATION_005,TEST_CASE,A specific test case related to the EVCC CMN VTB attenuation characterization functionality,128,,['3cbb86ac163ea9e314b953dbf0af5de4'],"[ 0.00558883  0.00338345 -0.00525575 ... -0.01247495 -0.00213526
 -0.00472281]"
b84dff3ecbfb4e008670d6737886f7d6,TEST_SYSTEM,SYSTEM,"The TEST_SYSTEM is the system that executes the test procedures, checks the responses from the System Under Test (SUT), and sends/receives messages.",129,,"['1cfc5b3783ecea8b1b50c0cf0b9da1d4' '3cbb86ac163ea9e314b953dbf0af5de4'
 '9d51da4c009f3383f6178ae36d391c61']","[-1.53577877e-02  9.19522718e-05  6.27633708e-04 ... -2.56051403e-02
 -9.80382971e-03 -1.93693489e-02]"
3002ba36e9de4227bb0fb12dc9b87b2f,CM_ATTEN_CHAR.IND,MESSAGE,An indication message containing attenuation entries and other parameters,130,,['3cbb86ac163ea9e314b953dbf0af5de4'],"[ 0.00747417  0.01199478 -0.01682591 ... -0.02595378 -0.01382902
 -0.0344895 ]"
20d55436b4164a3d9f28648cf1058b05,TT_EV_ATTEN_RESULTS_TIMER,TIMER,A timer that expires before sending the CM_ATTEN_CHAR.IND message,131,,['3cbb86ac163ea9e314b953dbf0af5de4'],"[-0.03092237  0.00768035  0.00062717 ... -0.00504247  0.009805
 -0.04723055]"
a7e1daa576b3451d8b536bfcbc2d4e28,TT_MATCH_RESPONSE_TIMER,TIMER,"The ""TT_MATCH_RESPONSE_TIMER"" is a timer associated with the expiration of the match response. It is specifically designed to expire before the CM_ATTEN_CHAR.RSP message is sent.",132,,['1665ff673abe57f406cf7a5a48bacc00' '3cbb86ac163ea9e314b953dbf0af5de4'],"[-0.04651318  0.00558816  0.00023412 ... -0.00114793 -0.00375283
 -0.01364168]"
7109c747f1ad43eeb71b83435c7b6b20,ISO_15118-3:2015:IS,DOCUMENT,"ISO_15118-3:2015:IS is an ISO standard referenced in the document and the test case. This standard is part of the ISO 15118 series, which pertains to the communication interface between electric vehicles and the charging infrastructure. The 2015 edition of this standard specifies the physical and data link layer requirements for high-level communication, ensuring interoperability and compliance within the electric vehicle charging ecosystem.",133,,"['1665ff673abe57f406cf7a5a48bacc00' '3cbb86ac163ea9e314b953dbf0af5de4'
 '801f1b08acd1dd21d9f7c71417653091' 'a882a8d895c3ca8c3bfe5dc8610f46bb']","[ 0.00646095 -0.00355825  0.00538467 ... -0.03206667  0.01069759
 -0.04328608]"
8a14891646b44175aabee6ed0fdad888,V2G3-A09-23,REQUIREMENT,A specific requirement referenced in the document,134,,['3cbb86ac163ea9e314b953dbf0af5de4'],"[ 0.00092173 -0.00034951  0.00252871 ... -0.02615281 -0.00271924
  0.00157104]"
32ea7a265ca348f18cfcd4f3066f33a9,V2G3-A09-25,REQUIREMENT,A specific requirement referenced in the document,135,,['3cbb86ac163ea9e314b953dbf0af5de4'],"[-0.00448447 -0.00453441  0.00565636 ... -0.02801877 -0.00301129
 -0.00275494]"
8835ae0e81b24ab8bb084a8aee5be8a5,V2G3-A09-28,REQUIREMENT,A specific requirement referenced in the document,136,,['3cbb86ac163ea9e314b953dbf0af5de4'],"[-0.00039244 -0.00485925  0.00249961 ... -0.02631592 -0.00535584
  0.00157642]"
fea634eeb789405caec6143a2c8267be,V2G3-A09-30,REQUIREMENT,A specific requirement referenced in the document,137,,['3cbb86ac163ea9e314b953dbf0af5de4'],"[-0.00028254 -0.00515445  0.00233535 ... -0.02499491 -0.00469739
  0.00015305]"
69384fa7159e45c598fbd942c6545b1b,V2G3-A09-31,REQUIREMENT,A specific requirement referenced in the document,138,,['3cbb86ac163ea9e314b953dbf0af5de4'],"[ 0.00124906 -0.00381142  0.00135669 ... -0.02633954 -0.00351439
 -0.00037317]"
45fd0df63fb14ab18610ea2475eb9a99,V2G3-A09-32,REQUIREMENT,A specific requirement referenced in the document,139,,['3cbb86ac163ea9e314b953dbf0af5de4'],"[ 0.00400006 -0.00497008  0.00224837 ... -0.02744042 -0.00251671
  0.00255171]"
e3aeeaf4a0e7467ea12af5865b8abe96,V2G3-A09-35,REQUIREMENT,A specific requirement referenced in the document,140,,['3cbb86ac163ea9e314b953dbf0af5de4'],"[-1.27173902e-03  6.94896735e-05  4.59391810e-03 ... -2.69172285e-02
  2.19202181e-03 -3.60784121e-03]"
17815601956c485a858cf705947063af,F_EVCC_CMN_PR_CMSLACPARM_001,TEST_CASE,A specific test case related to the EVCC CMN PR CmSlacParm functionality,141,,['3cbb86ac163ea9e314b953dbf0af5de4'],"[-0.00185875  0.02028509 -0.00820142 ...  0.00322506  0.00331459
 -0.01673234]"
61dc36c936e648ffbc1a1b059797ece5,F_EVCC_CMN_TB_VTB_ATTENUATIONCHARACTERIZATION_005,TEST_CASE,A specific test case related to the EVCC CMN TB VTB attenuation characterization functionality,142,,['3cbb86ac163ea9e314b953dbf0af5de4'],"[ 0.0063527  -0.00194892 -0.00575463 ... -0.01223946 -0.00142823
 -0.00646396]"
be1f551fc0f243e7bf2f435cbb5631a6,TABLE_156,DOCUMENT_SECTION,A table in the document that lists the test case description for 'TC_EVCC_CMN_VTB_AttenuationCharacterization_006',143,,['3cbb86ac163ea9e314b953dbf0af5de4'],"[-0.01481424  0.01966104 -0.00722228 ... -0.01759362 -0.01313702
 -0.02869745]"
40b6b809a0764a5dac9b409388e2dc30,TC_EVCC_CMN_VTB_ATTENUATIONCHARACTERIZATION_006,TEST_CASE,A specific test case related to the EVCC CMN VTB attenuation characterization functionality,144,,['3cbb86ac163ea9e314b953dbf0af5de4'],"[ 0.00637579  0.00366529 -0.00561335 ... -0.01134562 -0.00027542
 -0.00666608]"
0f6d814ef7b047e19165e5a00e1beb23,TABLE_157,DOCUMENT_SECTION,A table in the document that lists the test case description for 'TC_EVCC_CMN_VTB_AttenuationCharacterization_007',145,,['3cbb86ac163ea9e314b953dbf0af5de4'],"[-0.01485769  0.02246505 -0.00992115 ... -0.01485769 -0.01386214
 -0.02828729]"
99f3525e222443f9afcc0809257ee089,TC_EVCC_CMN_VTB_ATTENUATIONCHARACTERIZATION_007,TEST_CASE,A specific test case related to the EVCC CMN VTB attenuation characterization functionality,146,,['3cbb86ac163ea9e314b953dbf0af5de4'],"[ 0.00536004  0.00335616 -0.00528297 ... -0.01248574 -0.0013549
 -0.00586101]"
91276c3d3c294d62b767b3efef3c7296,CONFIG_ID,TECHNICAL_TERM,CONFIG_ID is a configuration identifier used in the context of the document.,147,,['801f1b08acd1dd21d9f7c71417653091' 'a882a8d895c3ca8c3bfe5dc8610f46bb'],"[ 0.01620364  0.02525821  0.01201017 ...  0.00739248  0.01297682
 -0.0258841 ]"
fdffa83356684dd1a5dc756a139e771a,PIXIT_EVCC_CMN_CMVALIDATE,TECHNICAL_TERM,"""PIXIT_EVCC_CMN_CMVALIDATE is a specific PIXIT selection parameter related to the EVCC common validation process. This parameter plays a crucial role in ensuring that the Electric Vehicle Communication Controller (EVCC) adheres to the necessary compliance standards during the CM (Configuration Management) validation phase. By focusing on this parameter, stakeholders can ensure that the EVCC operates within the defined regulatory requirements and industry best practices, fostering effective collaboration and compliance within the electrical engineering community.""",148,,['1cfc5b3783ecea8b1b50c0cf0b9da1d4' '801f1b08acd1dd21d9f7c71417653091'],"[-0.00139021  0.01528197  0.00350298 ...  0.01865965  0.00411913
 -0.03331002]"
b7236564d7d14482a6be4c23ccadd52c,PIXIT_EVCC_CMN_FALLBACKVALIDATIONFAILED,TECHNICAL_TERM,A specific PIXIT selection parameter related to fallback validation failure,149,,['801f1b08acd1dd21d9f7c71417653091'],"[-0.0151695   0.01177518  0.00215854 ...  0.00471876  0.00607576
 -0.02696639]"
8a624521492b4c618674ba65f67ac751,F_EVCC_CMN_TB_VTB_CMVALIDATE_012,TEST_CASE,A specific test case related to the EVCC CMN TB VTB CM validation functionality,150,,['801f1b08acd1dd21d9f7c71417653091'],"[-0.00952872 -0.00943655 -0.0174126  ...  0.00448786  0.0086354
 -0.01911416]"
1f988d628c0e4e67b6aec638fd5e8689,F_EVCC_CMN_TB_VTB_CMSLACPARM_001,TEST_CASE,"""F_EVCC_CMN_TB_VTB_CMSLACPARM_001"" is a specific test case related to the EVCC CMN TB VTB CM SLAC parameter functionality. This test case focuses on the common SLAC (Signal Level Attenuation Characterization) parameter functionality within the Electric Vehicle Communication Controller (EVCC) framework. It ensures that the SLAC parameters are correctly implemented and function as intended, adhering to the necessary compliance standards and fostering reliable communication between electric vehicles and charging stations.",151,,['1cfc5b3783ecea8b1b50c0cf0b9da1d4' '801f1b08acd1dd21d9f7c71417653091'],"[ 0.00374839  0.01153888  0.00071156 ...  0.00164516 -0.00126753
 -0.02640654]"
554626bc4a0249b4b916b9b1bd4424a8,F_EVCC_CMN_TB_VTB_ATTENUATIONCHARACTERIZATION_001,TEST_CASE,"The entity ""F_EVCC_CMN_TB_VTB_ATTENUATIONCHARACTERIZATION_001"" refers to a specific test case associated with the EVCC CMN TB VTB attenuation characterization functionality. This test case is designed to evaluate the common attenuation characterization functionality within the Electric Vehicle Communication Controller (EVCC) framework. The primary focus of this test case is to ensure that the attenuation characteristics of the EVCC are accurately measured and comply with the necessary standards and regulatory requirements. This is crucial for maintaining the integrity and performance of the communication systems in electric vehicles.",152,,['1cfc5b3783ecea8b1b50c0cf0b9da1d4' '801f1b08acd1dd21d9f7c71417653091'],"[ 0.0074924  -0.00111973  0.00119369 ... -0.00906105 -0.00778136
 -0.02445177]"
482f1f3ea3c141588da4bbe9321a3244,F_EVCC_CMN_TB_VTB_CMVALIDATE_006,TEST_CASE,A specific test case related to the EVCC CMN TB VTB CM validation functionality,153,,['801f1b08acd1dd21d9f7c71417653091'],"[-0.00913194 -0.00770056 -0.014245   ...  0.00253761  0.01116203
 -0.01852538]"
29d6eba0073946388f565c8d4573210d,TABLE_178,DOCUMENT_SECTION,A table in the document that lists the test case description for 'TC_EVCC_CMN_VTB_CmValidate_013',154,,['801f1b08acd1dd21d9f7c71417653091'],"[-0.01516668  0.01751941 -0.01695924 ... -0.00974701 -0.0094039
 -0.02600603]"
4e506da0331b47ee90aa29785356fa93,TC_EVCC_CMN_VTB_CMVALIDATE_013,TEST_CASE,A specific test case related to the EVCC CMN VTB CM validation functionality,155,,['801f1b08acd1dd21d9f7c71417653091'],"[-0.00731875 -0.00459696 -0.01346902 ...  0.0013609   0.00960673
 -0.01842981]"
dbc14472a1374d22a3776d62d5de0197,TABLE_179,DOCUMENT_SECTION,A table in the document that lists the test case description for 'TC_EVCC_CMN_VTB_CmValidate_014',156,,['801f1b08acd1dd21d9f7c71417653091'],"[-0.01956825  0.01235927 -0.01679502 ... -0.00692246 -0.00573394
 -0.02900572]"
b1bbcddfa6cf439aad3afaa2446153b5,TC_EVCC_CMN_VTB_CMVALIDATE_014,TEST_CASE,A specific test case related to the EVCC CMN VTB CM validation functionality,157,,['801f1b08acd1dd21d9f7c71417653091'],"[-0.00782613 -0.0057574  -0.0129033  ...  0.00143234  0.01181634
 -0.01755971]"
a11ad394f8874e8d9204668b018ccbf7,F_EVCC_CMN_TB_VTB_CMVALIDATE_010,TEST_CASE,"""F_EVCC_CMN_TB_VTB_CMVALIDATE_010"" is a specific test case associated with the EVCC CMN TB VTB CM validation functionality. It is also related to the EVCC common validation process, ensuring that the validation procedures for the Electric Vehicle Communication Controller (EVCC) are thoroughly tested and compliant with the necessary standards. This test case plays a crucial role in verifying the integrity and reliability of the EVCC's validation mechanisms, contributing to the overall robustness and compliance of the system.",158,,['1cfc5b3783ecea8b1b50c0cf0b9da1d4' '801f1b08acd1dd21d9f7c71417653091'],"[-0.00468019 -0.01362752 -0.01985412 ...  0.01286285  0.0072234
 -0.03165189]"
c78e373a990f4ff9950ec605a8dc3fba,F_EVCC_CMN_TB_VTB_CMVALIDATE_004,TEST_CASE,"""F_EVCC_CMN_TB_VTB_CMVALIDATE_004"" is a specific test case associated with the EVCC CMN TB VTB CM validation functionality. It is also related to the EVCC common validation process, ensuring that the validation procedures adhere to the necessary compliance standards and industry best practices. This test case plays a crucial role in verifying the integrity and correctness of the EVCC validation mechanisms, fostering collaboration among stakeholders to maintain high standards in electrical engineering projects.",159,,['1cfc5b3783ecea8b1b50c0cf0b9da1d4' '801f1b08acd1dd21d9f7c71417653091'],"[-0.01020978 -0.0120244  -0.02035109 ...  0.0106001   0.00706673
 -0.02588396]"
f29f81936d4247e7a801e7524700694d,F_EVCC_CMN_PR_ATTENUATIONCHARACTERIZATION_001,TEST_CASE,"""F_EVCC_CMN_PR_ATTENUATIONCHARACTERIZATION_001"" is a specific test case related to the EVCC common attenuation characterization functionality. This test case focuses on evaluating the attenuation characteristics of the Electric Vehicle Communication Controller (EVCC) in a common mode noise (CMN) environment, ensuring that the EVCC meets the necessary performance and compliance standards.",160,,['1cfc5b3783ecea8b1b50c0cf0b9da1d4' '801f1b08acd1dd21d9f7c71417653091'],"[ 0.01049472  0.01350002 -0.00110825 ...  0.01156463  0.00837533
 -0.01895864]"
7d983bf5923b49bfa9fac87c02db58d7,V2G3-A09-54,TECHNICAL_TERM,"The entity ""V2G3-A09-54"" is a specific requirement referenced in the document.",161,,['1cfc5b3783ecea8b1b50c0cf0b9da1d4' '801f1b08acd1dd21d9f7c71417653091'],"[-0.00389915 -0.01397809  0.00882158 ... -0.02659182 -0.01532909
 -0.00215022]"
71c87d56ad55447d84222544a4f6d10c,V2G3-A09-72,TECHNICAL_TERM,A referenced requirement in the document,162,,['801f1b08acd1dd21d9f7c71417653091'],"[ 0.00175836 -0.00123961 -0.00495171 ... -0.0281338  -0.00378957
 -0.00941835]"
e4337da4551a442096ce7297206925c7,V2G3-A09-56,TECHNICAL_TERM,"The entity ""V2G3-A09-56"" is a specific requirement referenced in the document.",163,,['1cfc5b3783ecea8b1b50c0cf0b9da1d4' '801f1b08acd1dd21d9f7c71417653091'],"[-0.00214463 -0.01310232  0.0068628  ... -0.03117749 -0.01446282
 -0.00161182]"
4a2d8f2640e74ea88217e8437099ca4d,V2G3-A09-57,TECHNICAL_TERM,"The entity ""V2G3-A09-57"" is a specific requirement referenced in the document.",164,,['1cfc5b3783ecea8b1b50c0cf0b9da1d4' '801f1b08acd1dd21d9f7c71417653091'],"[-0.00147861 -0.011869    0.00640284 ... -0.02777908 -0.01506708
 -0.00159736]"
4ae3bf7b628546a1965e0ab786f3d96c,V2G3-A09-59,TECHNICAL_TERM,A referenced requirement in the document,165,,['801f1b08acd1dd21d9f7c71417653091'],"[ 0.00337961 -0.00023154 -0.00166623 ... -0.02645764 -0.00325669
 -0.00959831]"
14bfbe8eb61e41c5b4a0202207e1b403,V2G3-A09-60,TECHNICAL_TERM,A referenced requirement in the document,166,,['801f1b08acd1dd21d9f7c71417653091'],"[-0.0001455  -0.00151031 -0.00555376 ... -0.0266661   0.00158343
 -0.00646145]"
b5f98384c7954fada2455dc0a34f0828,V2G3-M09-07,TECHNICAL_TERM,"""V2G3-M09-07"" is a specific requirement referenced in the document.",167,,['1cfc5b3783ecea8b1b50c0cf0b9da1d4' '801f1b08acd1dd21d9f7c71417653091'],"[-5.24142338e-03 -3.15585709e-03  1.33702974e-03 ... -2.43932903e-02
 -1.14030968e-02 -5.99121049e-05]"
e7a32da5251e4dc3a9807702e36cf042,V2G3-M09-12,TECHNICAL_TERM,"The entity ""V2G3-M09-12"" is a specific requirement referenced in the document.",168,,['1cfc5b3783ecea8b1b50c0cf0b9da1d4' '801f1b08acd1dd21d9f7c71417653091'],"[-0.00432397 -0.01138768  0.00396559 ... -0.0250395  -0.01379919
  0.00138076]"
70ed3549482144e9aae9855fb8739f43,V2G3-M09-08,TECHNICAL_TERM,A referenced requirement in the document,169,,['801f1b08acd1dd21d9f7c71417653091'],"[ 0.00266073  0.00018473 -0.00550007 ... -0.0274734  -0.004944
 -0.01120235]"
47161488c30c45ed9165ff7629da11b0,V2G3-A09-51,TECHNICAL_TERM,A referenced requirement in the document,170,,['801f1b08acd1dd21d9f7c71417653091'],"[ 0.00019767 -0.00384669 -0.0041703  ... -0.0296792  -0.0055882
 -0.01501308]"
bbfe2fd1ab7c4a10a237503c3f6469b8,V2G3-A09-52,,"The entity ""V2G3-A09-52"" is a specific requirement referenced in the document.",171,,['1cfc5b3783ecea8b1b50c0cf0b9da1d4' '801f1b08acd1dd21d9f7c71417653091'],"[-0.00470101 -0.01579485  0.0068743  ... -0.02961033 -0.02179983
  0.00053079]"
9cba17266d214a2facf56601e5d612b3,CM_VALIDATE.CNF,MESSAGE,A confirmation message used in the communication process between the EV and EVSE,172,,['1cfc5b3783ecea8b1b50c0cf0b9da1d4'],"[ 0.01285403 -0.00222434 -0.02472409 ...  0.00986746  0.01566044
 -0.03004587]"
1014cecb66494409ad670176f15bcb2d,SLAC_VALIDATION_PROCESS,PROCESS,A process involving the validation of the Signal Level Attenuation Characterization (SLAC) between the EV and EVSE,173,,['1cfc5b3783ecea8b1b50c0cf0b9da1d4'],"[ 0.00391756 -0.00037828 -0.00053979 ...  0.00452557 -0.00153904
 -0.00382774]"
1cf446e3832840c3b2293495c9fff62a,ISO 15118-3:2015:IS,STANDARD,The ISO standard that specifies the communication protocol for electric vehicle charging,174,,['1cfc5b3783ecea8b1b50c0cf0b9da1d4'],"[-0.00199332 -0.00525292  0.00329522 ... -0.02347296  0.01285702
 -0.04870769]"
882d8ccb413843499591fcd75eb349e5,V2G3-A09-66,REQUIREMENT,A specific requirement referenced in the document,175,,['1cfc5b3783ecea8b1b50c0cf0b9da1d4'],"[-4.67596437e-05 -6.30867016e-03  6.50206523e-04 ... -2.68885400e-02
 -1.61384593e-03 -8.40266875e-04]"
032f45f0091c41288cc3ac9d544250aa,PIXIT_EVCC_CMN_CONCURRENTVALIDATION,PARAMETER,A parameter related to the concurrent validation process in the EVCC context,176,,['1cfc5b3783ecea8b1b50c0cf0b9da1d4'],"[-0.00982327  0.01380605 -0.01179355 ...  0.01640964  0.01840807
 -0.03887086]"
58278a5c23f14c8d87e85a96e2f7c711,TABLE_185,DOCUMENT_SECTION,A table in the document that lists the test case description for 'TC_EVCC_CMN_VTB_CmValidate_020',177,,['1cfc5b3783ecea8b1b50c0cf0b9da1d4'],"[-0.01069239  0.01576087 -0.00684591 ... -0.01430281 -0.01467774
 -0.03068856]"
41c87c209f104c3796ff7b5f5826b792,TC_EVCC_CMN_VTB_CMVALIDATE_020,TEST_CASE,A specific test case related to the EVCC common validation process,178,,['1cfc5b3783ecea8b1b50c0cf0b9da1d4'],"[-0.00215516  0.00570788 -0.00968611 ...  0.00514401  0.00779732
 -0.01123588]"
cf4ae2fb2a8c4dd38b185dd2fd553649,F_EVCC_CMN_TB_VTB_CMVALIDATE_013,TEST_CASE,A specific test case related to the EVCC common validation process,179,,['1cfc5b3783ecea8b1b50c0cf0b9da1d4'],"[-0.01028079 -0.00045778 -0.01530294 ...  0.00626725  0.01119201
 -0.01634632]"
e552cbb06f1742eea6c9900e9e0f7a1e,TABLE_186,DOCUMENT_SECTION,A table in the document that lists the test case description for 'TC_EVCC_CMN_VTB_CmValidate_021',180,,['1cfc5b3783ecea8b1b50c0cf0b9da1d4'],"[-0.01766617  0.01583815 -0.01089832 ... -0.01737313 -0.00597245
 -0.02961107]"
463bd0acbe7544bfa0b3cbaaab114ead,TC_EVCC_CMN_VTB_CMVALIDATE_021,TEST_CASE,A specific test case related to the EVCC common validation process,181,,['1cfc5b3783ecea8b1b50c0cf0b9da1d4'],"[-0.0062911   0.00916206 -0.00973904 ...  0.00552296  0.01270732
 -0.01245012]"
93f16f706f5a4dd4ac61efffc7836101,TABLE_187,DOCUMENT_SECTION,A table in the document that lists the test case description for 'TC_EVCC_CMN_VTB_CmValidateOrCmSlacMatch_001',182,,['1cfc5b3783ecea8b1b50c0cf0b9da1d4'],"[-0.02274189  0.01513766 -0.00849635 ... -0.01401189 -0.00463759
 -0.02141079]"
ee84e47da9ac44d488f2ea5873da9d81,TC_EVCC_CMN_VTB_CMVALIDATEORCMSLACMATCH_001,TEST_CASE,A specific test case related to the EVCC common validation or SLAC match process,183,,['1cfc5b3783ecea8b1b50c0cf0b9da1d4'],"[-0.0073122  -0.00028459 -0.00720704 ...  0.00349135  0.01359382
 -0.00323896]"
b54f13740a534f2786946c219b584d73,SUT,DEVICE,"The System Under Test (SUT) is the device being tested in the validation process. It is specifically the system being tested in the V2G (Vehicle-to-Grid) communication process and is involved in the described procedures. Additionally, the SUT is responsible for sending the CM_AMP_MAP.CNF message.",184,,"['1665ff673abe57f406cf7a5a48bacc00' '1cfc5b3783ecea8b1b50c0cf0b9da1d4'
 '9d51da4c009f3383f6178ae36d391c61' 'a882a8d895c3ca8c3bfe5dc8610f46bb']","[ 0.00590041  0.0013813   0.00128003 ... -0.01335479 -0.02794479
 -0.0147693 ]"
c8451642fab54ee699a5998d56e04d65,TT_MATCH_SEQUENCE_TIMER,PARAMETER,A timer parameter used in the test system to control the sequence of validation messages,185,,['1cfc5b3783ecea8b1b50c0cf0b9da1d4'],"[-0.04596366 -0.0152876  -0.00871004 ... -0.00540685  0.01020134
 -0.00225316]"
cc5f6c4c3ded4d3f9ec81787798d831e,GOODCASE_PROCEDURE,PROCESS,"The ""GOODCASE_PROCEDURE"" is a specific procedure executed by the Test System to establish a new AVLN (Access Virtual Local Network) and send CM_AMP_MAP.REQ messages. Additionally, it signals CP State E and sends a CM_SLAC_MATCH.CNF message. This procedure is integral to validating communication processes within the system.",186,,"['1665ff673abe57f406cf7a5a48bacc00' '1cfc5b3783ecea8b1b50c0cf0b9da1d4'
 '9d51da4c009f3383f6178ae36d391c61' 'b5864dde590dd2593deadbe32d3b3c2b']","[-0.01460671  0.01878006  0.01019368 ... -0.00410285 -0.00776863
 -0.00064724]"
8c01e7b7d58144b1bdf4328c0e1ecdef,CP_STATE_E,PARAMETER,A state parameter used in the test system during the validation process,187,,['1cfc5b3783ecea8b1b50c0cf0b9da1d4'],"[ 0.0176618   0.01690278 -0.00803539 ...  0.01840623  0.00200337
 -0.0303024 ]"
be46840a1d9644dc8a65b2bbcad04e9f,CP_STATE_F,PARAMETER,A state parameter used in the test system during the validation process,188,,['1cfc5b3783ecea8b1b50c0cf0b9da1d4'],"[ 0.01805707  0.02956808 -0.01306256 ...  0.02260828  0.00503884
 -0.02937598]"
373f5ddfdb3c4035a13fb2d035e424b1,TC_EVCC_CMN_VTB_PLCLINKSTATUS_003,TEST_CASE,A specific test case related to the EVCC CMN VTB PLC link status functionality,189,,['b5864dde590dd2593deadbe32d3b3c2b'],"[-0.00897136 -0.00276588 -0.00065077 ...  0.00986504 -0.00728793
 -0.01219274]"
84a5500d13b5434c9c6c8489ea7303f1,CM_SLAC_MATCH.CNF,MESSAGE,"A confirmation message containing the current runID, valid NID and NMK, EV MAC, EVSE MAC, and additional valid parameters",190,,['b5864dde590dd2593deadbe32d3b3c2b'],"[-0.00242018  0.00160488 -0.01980147 ... -0.00274311  0.01791359
 -0.0112989 ]"
02ffbc41fea0482584713845cd4db5be,TT_MATCH_JOIN_TIMER,TIMER,A timer used to check that no data link connection is established until it has expired,191,,['b5864dde590dd2593deadbe32d3b3c2b'],"[-0.03877717 -0.0031749   0.02817107 ... -0.00436207  0.01785675
 -0.00546352]"
66ea328439c74831b6d4b99cd512d4eb,HPGP_SPEC_1.1,DOCUMENT,A document reference for the HPGP Specification 1.1,192,,['b5864dde590dd2593deadbe32d3b3c2b'],"[-0.00497906  0.00778065 -0.00050319 ... -0.03098393 -0.005728
 -0.00742699]"
527a4b068e2640ec85d9a03c473ad59d,V2G3-A09-127,REQUIREMENT,A referenced requirement in the document,193,,['b5864dde590dd2593deadbe32d3b3c2b'],"[-0.00034591 -0.00168072 -0.00186431 ... -0.02900119 -0.00473673
 -0.01407332]"
b41cc26d5c8741f689f8d1dd8bbdd030,F_EVCC_CMN_PR_CMVALIDATEORCMSLACMATCH_001,TEST_CASE,A precondition test case related to the EVCC CMN PR CmValidate or CmSlacMatch functionality,194,,['b5864dde590dd2593deadbe32d3b3c2b'],"[ 0.00708985 -0.00386329 -0.01284185 ...  0.00610972  0.02360898
 -0.00998731]"
e9e0f039f7e54531b70ae6edc616c859,F_EVCC_CMN_TB_VTB_PLCLINKSTATUS_003,TEST_CASE,An expected behavior test case related to the EVCC CMN TB VTB PLC link status functionality,195,,['b5864dde590dd2593deadbe32d3b3c2b'],"[-0.00746086 -0.01401308 -0.00478461 ...  0.00868186  0.00716271
 -0.01034298]"
157f5895a8b349cfba36aea94c9b030c,TC_EVCC_CMN_VTB_PLCLINKSTATUS_004,TEST_CASE,A specific test case related to the EVCC CMN VTB PLC link status functionality,196,,['b5864dde590dd2593deadbe32d3b3c2b'],"[-0.00916376 -0.00309849 -0.00148426 ...  0.00885876 -0.00774275
 -0.01027284]"
f1d26fb843414092a60ab846228d5ccf,TC_EVCC_CMN_VTB_PLCLINKSTATUS_005,TEST_CASE,A specific test case related to the EVCC CMN VTB PLC link status functionality,197,,['b5864dde590dd2593deadbe32d3b3c2b'],"[-0.00952643 -0.00220802 -0.00053334 ...  0.00877653 -0.00581167
 -0.00951948]"
0499b1156d7642ee8533fba20cfa9c0c,AVLN_ESTABLISHMENT,PROCESS,The process of establishing an AVLN by exchanging communication with the internal PLC Node,198,,['b5864dde590dd2593deadbe32d3b3c2b'],"[-0.00284305  0.0195236  -0.00170796 ...  0.00154656  0.00825071
 -0.02287212]"
c12a5bcb36934e33896660ab25a9e50a,TC_EVCC_CMN_VTB_PLCLINKSTATUS_006,TEST_CASE,A specific test case related to the EVCC CMN VTB PLC link status functionality,199,,['b5864dde590dd2593deadbe32d3b3c2b'],"[-0.00867644 -0.00319649 -0.0014016  ...  0.00947339 -0.00420308
 -0.0121484 ]"
31587c61fce74497ab4a927df29f812e,NEW_AVLN,PROCESS,The process of establishing a new AVLN,200,,['b5864dde590dd2593deadbe32d3b3c2b'],"[-0.00695773  0.02631312 -0.00216853 ...  0.00674141  0.00396825
 -0.00207633]"
678345321021409199cbe5b2a56cc0ca,CP_STATE_X2_TO_X1_TO_E,STATE_TRANSITION,A state transition performed by the Test System to initiate a connection loss,201,,['b5864dde590dd2593deadbe32d3b3c2b'],"[-0.00088132  0.01099573 -0.00034294 ...  0.02050026  0.00202867
 -0.02782592]"
cf3cde8578794b96bff32c63a0682344,V2G3-M07-03,REQUIREMENT,A referenced requirement in the document,202,,['b5864dde590dd2593deadbe32d3b3c2b'],"[ 0.00459493  0.00336402 -0.00731834 ... -0.02695244 -0.00172561
 -0.01324144]"
af4e6c1508634e0c9864e420f63f84a8,V2G3-M07-13,REQUIREMENT,A referenced requirement in the document,203,,['b5864dde590dd2593deadbe32d3b3c2b'],"[ 0.00162068  0.00293569 -0.00701341 ... -0.02633389 -0.00238147
 -0.01147405]"
083ab5e1c2bc4625bff70ca1625f5f1c,F_EVCC_CMN_PR_PLCLINKSTATUS_001,TEST_CASE,"""F_EVCC_CMN_PR_PLCLINKSTATUS_001"" is a precondition test case specifically related to the EVCC CMN PR PLC link status functionality. This test case is designed to ensure that the link status functionality within the Electric Vehicle Communication Controller (EVCC) Common Protocol (CMN PR) for Power Line Communication (PLC) is operating correctly.",204,,"['1665ff673abe57f406cf7a5a48bacc00' '9d51da4c009f3383f6178ae36d391c61'
 'b5864dde590dd2593deadbe32d3b3c2b']","[ 0.01007118  0.00720471 -0.00605532 ...  0.01447951  0.00335005
 -0.02291772]"
3891ce9f00524b81adfcee4b3f56476a,F_EVCC_CMN_TB,TEST_CASE,An expected behavior test case related to the EVCC CMN TB functionality,205,,['b5864dde590dd2593deadbe32d3b3c2b'],"[-0.00553969 -0.00930837 -0.00434603 ...  0.00123704  0.01524476
 -0.02664999]"
96aac292901744ae9575c3a0698b96f1,V2G3-A09-101,,"""V2G3-A09-101"" is a specific requirement referenced in the document.",206,,"['1665ff673abe57f406cf7a5a48bacc00' '9d51da4c009f3383f6178ae36d391c61'
 'b5864dde590dd2593deadbe32d3b3c2b']","[-0.0033049  -0.0082356   0.00397787 ... -0.02571959 -0.01448559
  0.00028048]"
4fd685207c7949e3ba13f39a70cd5d4d,F_EVCC_CMN_TB_VTB_PLCLINKSTATUS_001,,,207,,['b5864dde590dd2593deadbe32d3b3c2b'],"[-0.03598082 -0.0099336  -0.0101682  ...  0.00803    -0.01255441
 -0.02085922]"
79b7099e9f8243f2b43e5bb1c40f91c2,PICS_CMN_CMN_CHARGINGMODE,TECHNICAL_TERM,A parameter related to the charging mode in the SECC context,208,,['a882a8d895c3ca8c3bfe5dc8610f46bb'],"[ 0.00486991  0.02516968  0.01100992 ...  0.01247597  0.01775232
 -0.03393697]"
5f8fe9333190496aadd90e34aba32f05,PIXIT_CMN_CMN_WAKEUP,TECHNICAL_TERM,A parameter related to the wake-up functionality in the SECC context,209,,['a882a8d895c3ca8c3bfe5dc8610f46bb'],"[ 0.01784059  0.0194009   0.01678075 ...  0.01623611  0.012431
 -0.04245235]"
fd759cab1f7f49118d107d25612e3c5f,PICS_CMN_CMN_COMBINEDTESTING,TECHNICAL_TERM,A combined testing parameter used in the context of the document,210,,['a882a8d895c3ca8c3bfe5dc8610f46bb'],"[-0.03166001  0.04278761  0.01374711 ... -0.00503778  0.00883289
 -0.03586816]"
fb8053f3568a464e81dcccb6501f7a36,PIXIT_EVCC_CMN_PAUSE,TECHNICAL_TERM,A parameter related to the pause functionality in the EVCC context,211,,['a882a8d895c3ca8c3bfe5dc8610f46bb'],"[-0.01701639 -0.0026236   0.00989493 ...  0.01119499  0.02468677
 -0.04677341]"
8f00acf226a04f009728e52679546fcf,F_EVCC_DC_PR_WELDINGDETECTIONORSESSIONSTOP_002,TEST_CASE,A specific test case related to the EVCC DC PR welding detection or session stop functionality,212,,['a882a8d895c3ca8c3bfe5dc8610f46bb'],"[-0.01937616 -0.0066125  -0.01191788 ... -0.00132023 -0.01550373
  0.00443513]"
7e24b57d367d4774b998b132eedd7ac9,F_EVCC_SETPWMMODE,TEST_CASE,A specific test case related to setting the PWM mode in the EVCC context,213,,['a882a8d895c3ca8c3bfe5dc8610f46bb'],"[-0.00777146  0.00278846 -0.01670177 ...  0.02743551  0.02494401
 -0.0044905 ]"
c440cbe1298f42b49e52705e5b734df3,F_EVCC_STARTSLEEPINGPHASE,TEST_CASE,A specific test case related to starting the sleeping phase in the EVCC context,214,,['a882a8d895c3ca8c3bfe5dc8610f46bb'],"[ 0.00453221  0.00510632 -0.00292579 ...  0.01852823  0.01607491
 -0.02016852]"
f8eac7de0e974014a5337c8cc4fd3202,F_EVCC_CMN_TB_VTB_PLCLINKSTATUS_004,TEST_CASE,A specific test case related to the EVCC CMN TB VTB PLC link status functionality,215,,['a882a8d895c3ca8c3bfe5dc8610f46bb'],"[-0.00760954 -0.00702844 -0.00454497 ...  0.00654074 -0.00505688
 -0.01176711]"
560ce1d395d5427da4e59ae7346177d4,TABLE_219,DOCUMENT_SECTION,A table in the document that lists the test case description for 'TC_EVCC_DC_VTB_PLCLinkStatus_002',216,,['a882a8d895c3ca8c3bfe5dc8610f46bb'],"[-0.0230212   0.01345122 -0.0061161  ... -0.00167527 -0.01891578
 -0.02666424]"
c2eee6780206489c8d0503f6dfef226a,TC_EVCC_DC_VTB_PLCLINKSTATUS_002,TEST_CASE,A specific test case related to the EVCC DC VTB PLC link status functionality,217,,['a882a8d895c3ca8c3bfe5dc8610f46bb'],"[-0.0141651  -0.00278044 -0.00529276 ...  0.00609364 -0.00797396
 -0.00835003]"
c0bc509ab6e64b9ab07847c3466175b2,SESSIONSTOPREQ,MESSAGE,A request message used to stop a session in the V2G communication process,218,,['a882a8d895c3ca8c3bfe5dc8610f46bb'],"[-0.01219175  0.00194496 -0.00714701 ... -0.01264224  0.01156965
 -0.01834841]"
bd431ee1bf7049a7acb79d5c0911df78,SESSIONID,IDENTIFIER,A unique identifier for a session in the V2G communication process,219,,['a882a8d895c3ca8c3bfe5dc8610f46bb'],"[-0.00496026  0.014563    0.01181344 ... -0.01703623 -0.00089033
 -0.01595851]"
1ce6e7976b344021b33b39200f2bf562,CHARGINGSESSION,TECHNICAL_TERM,"A parameter indicating the status of a charging session, such as 'Pause' or 'Terminate'",220,,['a882a8d895c3ca8c3bfe5dc8610f46bb'],"[-0.02089446  0.02615267  0.00579095 ... -0.00874523  0.0090289
 -0.025018  ]"
a5ff52b8f38b44be84b68f55dc983f3d,BCB_TOGGLE,TECHNICAL_TERM,A process involving the toggling of the BCB (Battery Control Box) in the V2G communication process,221,,['a882a8d895c3ca8c3bfe5dc8610f46bb'],"[-0.02710572 -0.00426908  0.0139274  ...  0.00245186 -0.01213793
 -0.014621  ]"
7b01183d1307452dbc2bbef74145d305,CP_STATE_B,TECHNICAL_TERM,A state indicating the status of the control pilot during the sleeping phase in the V2G communication process,222,,['a882a8d895c3ca8c3bfe5dc8610f46bb'],"[ 2.14113551e-03 -3.43833555e-04  9.98045504e-03 ...  3.66341397e-02
  5.90323179e-05 -1.48221841e-02]"
2c07114cde4e4b7d87e418c220e54ea5,PAR_T_CONN_RESUME,TECHNICAL_TERM,A parameter related to the resumption of the connection in the V2G communication process,223,,['a882a8d895c3ca8c3bfe5dc8610f46bb'],"[-0.00300767  0.00168265  0.0132681  ... -0.00967034 -0.02420445
 -0.01496327]"
00856ec414f047d7ad57d3ce8a9627d4,SDP_PROCESS,TECHNICAL_TERM,The Service Discovery Protocol process in the V2G communication context,224,,['a882a8d895c3ca8c3bfe5dc8610f46bb'],"[-0.00588256  0.02210329  0.01150827 ... -0.01118721 -0.01982019
  0.01542522]"
bd55853c23764ac2bdc1d48a3f0ea402,SECTION_15118-3:7.6.1,DOCUMENT_SECTION,A specific section within the ISO 15118-3:2015:IS standard,225,,['a882a8d895c3ca8c3bfe5dc8610f46bb'],"[-0.00740282  0.01811896  0.00890947 ... -0.02768067 -0.00129712
 -0.03370728]"
86d7236dc7574af38a0a0280160fef0e,SECTION_15118-3:7.6.2,DOCUMENT_SECTION,A specific section within the ISO 15118-3:2015:IS standard,226,,['a882a8d895c3ca8c3bfe5dc8610f46bb'],"[-0.0074624   0.01794373  0.01003045 ... -0.02757558 -0.00310389
 -0.03204517]"
24b69d8c19ce44e586fc3df2fd594a15,SECTION_15118-3:7.6.2.2,DOCUMENT_SECTION,A specific section within the ISO 15118-3:2015:IS standard,227,,['a882a8d895c3ca8c3bfe5dc8610f46bb'],"[-0.00815993  0.01933819  0.00956457 ... -0.02811878 -0.00349851
 -0.03418157]"
35934be01f6f4d69a5e582e15adb8a30,SECTION_15118-3:12.3,DOCUMENT_SECTION,A specific section within the ISO 15118-3:2015:IS standard,228,,['a882a8d895c3ca8c3bfe5dc8610f46bb'],"[-0.00972671  0.02274593  0.00595539 ... -0.02399211 -0.00167659
 -0.03397461]"
9aaab25b45184a23bfd046bce1d348b7,REFERENCED_REQUIREMENT,TECHNICAL_TERM,A requirement referenced in the document,229,,['a882a8d895c3ca8c3bfe5dc8610f46bb'],"[-0.00661814  0.00691944 -0.00931596 ... -0.0238267  -0.00065757
 -0.01457307]"
8076ccb9afd24fb5aada623a35e8eec5,V2G3-M07-19,REQUIREMENT,A specific requirement referenced in the document,230,,['a882a8d895c3ca8c3bfe5dc8610f46bb'],"[ 0.00252122 -0.0007117   0.0054632  ... -0.02437737 -0.00269654
  0.00327926]"
def8cfd05dc846e085673354bbf75b63,V2G3-M07-21,REQUIREMENT,A specific requirement referenced in the document,231,,['a882a8d895c3ca8c3bfe5dc8610f46bb'],"[ 0.00178081 -0.00088707  0.00205734 ... -0.02250912  0.00167836
  0.00276866]"
0ce53119fc01457fa08810058287c486,V2G3-M07-28,REQUIREMENT,A specific requirement referenced in the document,232,,['a882a8d895c3ca8c3bfe5dc8610f46bb'],"[ 0.00308883 -0.00086245  0.00049609 ... -0.02218239 -0.00309216
  0.00169911]"
5b354db70b9b4d7a8f2f5af8c193ebc8,V2G3-M07-29,REQUIREMENT,A specific requirement referenced in the document,233,,['a882a8d895c3ca8c3bfe5dc8610f46bb'],"[ 0.00391481  0.00109355  0.00384823 ... -0.02299616 -0.00263317
  0.00205394]"
7072e2ddbbcd4007abe0fdc3d8cd6256,V2G3-M12-01,REQUIREMENT,A specific requirement referenced in the document,234,,['a882a8d895c3ca8c3bfe5dc8610f46bb'],"[ 0.0021694   0.00225558 -0.0084058  ... -0.02500528 -0.00516082
 -0.00315549]"
96943ec39f214d338b039d2376e33f0f,V2G3-M07-22,REQUIREMENT,A specific requirement referenced in the document,235,,['a882a8d895c3ca8c3bfe5dc8610f46bb'],"[ 0.0042781   0.00052893  0.00037629 ... -0.02345627 -0.00082463
  0.00362506]"
3b8c0a7e82d24d46bec419384080fa1d,V2G3-M07-23,REQUIREMENT,A specific requirement referenced in the document,236,,['a882a8d895c3ca8c3bfe5dc8610f46bb'],"[ 0.00456139  0.00374936  0.00116792 ... -0.02336498 -0.00093817
  0.00328821]"
eb796278a988478b97dc086f7dff0170,V2G3-M07-30,REQUIREMENT,A specific requirement referenced in the document,237,,['a882a8d895c3ca8c3bfe5dc8610f46bb'],"[ 4.05919738e-03 -7.32506305e-05  2.00797175e-03 ... -2.19196659e-02
 -1.93810032e-03  1.44900032e-03]"
b6c4877b375942bb999dcb327a549656,V2G3-M09-16,REQUIREMENT,A specific requirement referenced in the document,238,,['a882a8d895c3ca8c3bfe5dc8610f46bb'],"[ 0.0002118  -0.00310194  0.00413141 ... -0.02897391 -0.00136701
  0.00248762]"
422aef3897404843b61f17bb344406bb,F_EVCC_CMN_TB_VTB_PLCLINKSTATUS_005,TEST_CASE,A specific test case related to the EVCC CMN TB VTB PLC link status functionality,239,,['1665ff673abe57f406cf7a5a48bacc00' 'a882a8d895c3ca8c3bfe5dc8610f46bb'],"[-0.00878428 -0.0067027  -0.00347278 ...  0.00699759 -0.00380583
 -0.01058138]"
4847c62410834a2b987fbdacc2569d6b,TABLE_220,DOCUMENT_SECTION,A table in the document that lists the test case description for 'TC_EVCC_DC_VTB_PLCLinkStatus_003',240,,['a882a8d895c3ca8c3bfe5dc8610f46bb'],"[-0.0169497   0.01348558 -0.01137212 ... -0.00199799 -0.0173556
 -0.02830083]"
083c68b8dba048199abf125a36875c0d,TC_EVCC_DC_VTB_PLCLINKSTATUS_003,TEST_CASE,A specific test case related to the EVCC DC VTB PLC link status functionality,241,,['a882a8d895c3ca8c3bfe5dc8610f46bb'],"[-0.01307798 -0.0028469  -0.00715811 ...  0.00741549 -0.00793026
 -0.00934936]"
2f80110de5e047a197fca894ef664361,F_EVCC_DC_PR_WELDINGDETECTIONORSESSIONSTOP_003,TEST_CASE,A specific test case related to the EVCC DC PR welding detection or session stop functionality,242,,['a882a8d895c3ca8c3bfe5dc8610f46bb'],"[-0.01863118 -0.00660204 -0.01198018 ... -0.00160418 -0.01595959
  0.0039829 ]"
602ea18e876b4fab92a37ac77a0e47a8,F_EVCC_CMN_TB_VTB_PLCLINKSTATUS_007,TEST_CASE,A specific test case related to the EVCC CMN TB VTB PLC link status functionality,243,,['a882a8d895c3ca8c3bfe5dc8610f46bb'],"[-0.00906654 -0.00513239 -0.00375406 ...  0.00736959 -0.00326229
 -0.01201714]"
aeffa5436d734036a71542076811a209,TABLE_221,DOCUMENT_SECTION,A table in the document that lists the test case description for 'TC_EVCC_DC_VTB_PLCLinkStatus_004',244,,['a882a8d895c3ca8c3bfe5dc8610f46bb'],"[-0.02122159  0.01054776 -0.01201857 ... -0.00447194 -0.0159267
 -0.02702076]"
79e94951ab7647f0a166b5623adf1bcd,TC_EVCC_DC_VTB_PLCLINKSTATUS_004,TEST_CASE,A specific test case related to the EVCC DC VTB PLC link status functionality,245,,['a882a8d895c3ca8c3bfe5dc8610f46bb'],"[-0.01290689 -0.00378713 -0.00749769 ...  0.00601138 -0.00870902
 -0.00731669]"
aec1f869780842e681b9f093a8988d4d,V2G3-M09-17,REQUIREMENT,A specific requirement referenced in the document,246,,['a882a8d895c3ca8c3bfe5dc8610f46bb'],"[ 0.00022193 -0.00114005  0.00311168 ... -0.02705281 -0.00079846
 -0.00242597]"
c92b4dbbe3cf4b8fb27e4548b15333bc,V2G3-A09-121,REQUIREMENT,A specific requirement referenced in the document,247,,['a882a8d895c3ca8c3bfe5dc8610f46bb'],"[-2.28463556e-03  5.04013093e-04  3.22803413e-03 ... -2.64420137e-02
 -6.34863460e-03  8.77616476e-05]"
1f6f7185d3294404a3764273c75a3cc2,STARTSLEEPINGPHASE,TECHNICAL_TERM,A phase or state mentioned in the context of the document,248,,['1665ff673abe57f406cf7a5a48bacc00'],"[-0.00598059  0.01221624 -0.0055208  ...  0.0186734   0.01588111
 -0.02177444]"
be5678c72e0a4fa6a30a5e80be37b5bc,EVCC_TEST_CASES_FOR_CMAMPMAP,DOCUMENT_SECTION,A section in the document that discusses EVCC test cases for CmAmpMap,249,,['1665ff673abe57f406cf7a5a48bacc00'],"[-7.73335295e-03  2.32421644e-02 -4.08071186e-03 ...  3.94079951e-04
 -4.22972553e-05 -3.37965749e-02]"
fb7d7740527a476fb2239fe670bb5f0c,TABLE_223,DOCUMENT_SECTION,A table in the document that lists the test case description for 'TC_EVCC_CMN_VTB_CmAmpMap_001',250,,['1665ff673abe57f406cf7a5a48bacc00'],"[-0.02377281  0.01425255 -0.01086339 ... -0.01013963 -0.02036277
 -0.03142798]"
2694bd85ea4d41b5b752e4dd99f2baae,TC_EVCC_CMN_VTB_CMAMPMAP_001,TEST_CASE,A specific test case related to the EVCC CMN VTB CmAmpMap functionality,251,,['1665ff673abe57f406cf7a5a48bacc00'],"[-0.01095983  0.00193075 -0.00468135 ...  0.00408154 -0.01013643
 -0.02617867]"
8fda943252424c9187d587a2a2ef3eb5,CM_AMP_MAP.REQ,MESSAGE,"""CM_AMP_MAP.REQ"" is a request message used in the communication process to send a new amplitude map along with additional valid parameters. This message plays a crucial role in ensuring that the amplitude map and its associated parameters are accurately communicated within the system, facilitating effective and efficient data transmission.",252,,['1665ff673abe57f406cf7a5a48bacc00' '9d51da4c009f3383f6178ae36d391c61'],"[-0.02037671 -0.00354436 -0.00041146 ... -0.01143494 -0.02415017
 -0.02295075]"
8556d775d8e744eaa42cb0ffe4c53990,CM_AMP_MAP.CNF,MESSAGE,"""CM_AMP_MAP.CNF"" is a confirmation message sent by the System Under Test (SUT) with 'result' equals to '00'H. This message is sent in response to the CM_AMP_MAP.REQ message, indicating the result of the request.",253,,['1665ff673abe57f406cf7a5a48bacc00' '9d51da4c009f3383f6178ae36d391c61'],"[-0.00573402 -0.00153912 -0.01977436 ... -0.00795199 -0.01391428
 -0.02165504]"
f248d15f4fa74cbda17055c556f80f1d,TABLE_224,DOCUMENT_SECTION,A table in the document that lists the test case description for 'TC_EVCC_CMN_VTB_CmAmpMap_002',254,,['1665ff673abe57f406cf7a5a48bacc00'],"[-0.02622268  0.01053614 -0.01307673 ... -0.00936623 -0.02170916
 -0.03500049]"
867e900976fd47598fd3cbdff4a312ae,TC_EVCC_CMN_VTB_CMAMPMAP_002,TEST_CASE,A specific test case related to the EVCC CMN VTB CmAmpMap functionality,255,,['1665ff673abe57f406cf7a5a48bacc00'],"[-0.0109996   0.00283167 -0.00435149 ...  0.00558157 -0.00976241
 -0.02519882]"
858b77aeece04f24b2b09a754f108fd3,PAR_TT_AMP_MAP_EXCHANGE,TECHNICAL_TERM,A parameter related to the expiration of the amplitude map exchange,256,,['1665ff673abe57f406cf7a5a48bacc00'],"[-0.02456615 -0.00706508  0.01188524 ... -0.01155135 -0.01342684
 -0.0422839 ]"
f82dc2b4b90d4132ad09c1c02ad2a953,TABLE_225,DOCUMENT_SECTION,A table in the document that lists the test case description for 'TC_EVCC_CMN_VTB_CmAmpMap_003',257,,['1665ff673abe57f406cf7a5a48bacc00'],"[-0.02813549  0.00656011 -0.01164704 ... -0.01050585 -0.01928263
 -0.03577108]"
fc15b0953cad4205b0fb6fd22c3d2619,TC_EVCC_CMN_VTB_CMAMPMAP_003,TEST_CASE,A specific test case related to the EVCC CMN VTB CmAmpMap functionality,258,,['1665ff673abe57f406cf7a5a48bacc00'],"[-0.01001015  0.00137772 -0.00464782 ...  0.00590351 -0.00975547
 -0.02529773]"
ff4c230440bd45299feff98d0b43d1b9,F_EVCC_CMN_TB_VTB_CMAMPMAP_001,TEST_CASE,A specific test case related to the EVCC CMN TB VTB CmAmpMap functionality,259,,['1665ff673abe57f406cf7a5a48bacc00'],"[-0.01748691 -0.00716487 -0.00570163 ...  0.00412305 -0.00999046
 -0.022893  ]"
7ff8162114a948a7a545a24e5923338b,F_EVCC_CMN_CHECKTXPOWERLIMITATION,TEST_CASE,A specific test case related to checking the transmission power limitation in the EVCC CMN context,260,,['1665ff673abe57f406cf7a5a48bacc00'],"[ 0.02131729 -0.01985682 -0.00589104 ...  0.00742875  0.01421153
 -0.0276226 ]"
ef17f7a6a6a848d7909b16ae6aabf28a,PICS_CMN_CMN_INITIATECMAMPMAP,TECHNICAL_TERM,"""PICS_CMN_CMN_INITIATECMAMPMAP is a parameter related to initiating the CmAmpMap in the PICS context. It is specifically associated with the initiation of the CM amplitude map process, ensuring that the CM_AMP_MAP is correctly initiated within the PICS framework.""",261,,"['1665ff673abe57f406cf7a5a48bacc00' '813b4f67ab4a26af5abc0fd23a1be814'
 '9d51da4c009f3383f6178ae36d391c61']","[-0.02373829  0.01084116  0.01405361 ...  0.00619157 -0.0094615
 -0.0415792 ]"
fb3f1aac63bf4c34a762a157a235d806,PIXIT_CMN_CMN_CMAMPMAP,TECHNICAL_TERM,"""PIXIT_CMN_CMN_CMAMPMAP"" is a selection parameter related to the CM amplitude map in the PIXIT context. It is also referred to as CmAmpMap and is used specifically in the context of the CM_AMP_MAP process.",262,,"['1665ff673abe57f406cf7a5a48bacc00' '813b4f67ab4a26af5abc0fd23a1be814'
 '9d51da4c009f3383f6178ae36d391c61']","[-0.02609444  0.01250785  0.01537537 ...  0.01189338 -0.01448781
 -0.05475599]"
1d0787c78fae48aabbddc1ff8e6d1b44,V2G3-A09-106,TECHNICAL_TERM,"The entity ""V2G3-A09-106"" is a specific requirement referenced in the document.",263,,"['1665ff673abe57f406cf7a5a48bacc00' '813b4f67ab4a26af5abc0fd23a1be814'
 '9d51da4c009f3383f6178ae36d391c61']","[-0.00221327 -0.01386805  0.01111985 ... -0.03327263 -0.0156467
  0.00227011]"
cef3eecdca7844d2a9661e945addd6df,V2G3-A09-110,TECHNICAL_TERM,"""V2G3-A09-110"" is a specific requirement referenced in the document.",264,,['1665ff673abe57f406cf7a5a48bacc00' '9d51da4c009f3383f6178ae36d391c61'],"[-0.0055528  -0.00723386  0.00011499 ... -0.02590423 -0.01650617
  0.00430524]"
2ef1c96a5b3e4bc3b997bc7d875d5386,V2G3-A09-115,TECHNICAL_TERM,"""V2G3-A09-115"" is a specific requirement referenced in the document.",265,,"['1665ff673abe57f406cf7a5a48bacc00' '813b4f67ab4a26af5abc0fd23a1be814'
 '9d51da4c009f3383f6178ae36d391c61']","[-0.00607726 -0.00218808  0.00557027 ... -0.0248694  -0.01223457
  0.00399258]"
e0775a20400e4565925ab60631ed80fc,F_EVCC_CMN_TB_VTB_CMAMPMAP_002,TEST_CASE,A specific test case related to the EVCC CMN TB VTB CmAmpMap functionality,266,,['1665ff673abe57f406cf7a5a48bacc00'],"[-0.01577184 -0.00673992 -0.00595921 ...  0.00387492 -0.00997737
 -0.02292002]"
421f207b50c14b05bbb5c8adfcca8b0e,F_EVCC_CMN_TB_VTB_CMAMPMAP_003,TEST_CASE,A specific test case related to the EVCC CMN TB VTB CmAmpMap functionality,267,,['1665ff673abe57f406cf7a5a48bacc00'],"[-0.01624396 -0.00730907 -0.00675399 ...  0.00396072 -0.01053566
 -0.02233187]"
dd7a54e5164b4066bf03346fd90dc20a,V2G3-A09-109,,"The entity ""V2G3-A09-109"" is a specific requirement referenced in the document.",268,,['1665ff673abe57f406cf7a5a48bacc00' '813b4f67ab4a26af5abc0fd23a1be814'],"[-0.00045964 -0.01449365  0.01289518 ... -0.02939027 -0.01808012
  0.00449316]"
08b23d82440c4442b78a4cc462dba73d,V2G3-A09-111,,"The entity ""V2G3-A09-111"" is a specific requirement referenced in the document.",269,,['1665ff673abe57f406cf7a5a48bacc00' '813b4f67ab4a26af5abc0fd23a1be814'],"[-0.00471912 -0.01047055  0.01050407 ... -0.0329266  -0.01753583
  0.00041791]"
f5654f7efa714281aa360db38d964637,ORDER_OP-720751,DOCUMENT,"An order from the ISO store, associated with the document",270,,['813b4f67ab4a26af5abc0fd23a1be814'],"[-0.0049061   0.00015003 -0.01893706 ... -0.00536199  0.01110273
 -0.0345917 ]"
7e2e377bc1c64eb6855f367b329c68d4,SECTION_15118-3:A.9.6.1,DOCUMENT_SECTION,A section in the ISO 15118-3 standard,271,,['813b4f67ab4a26af5abc0fd23a1be814'],"[ 0.00050095  0.01484879  0.00663666 ... -0.03153562  0.00560932
 -0.03943922]"
fca258d93be24d8298d56efbb1c26fc1,SECTION_15118-3:A.9.6.2,DOCUMENT_SECTION,A section in the ISO 15118-3 standard,272,,['813b4f67ab4a26af5abc0fd23a1be814'],"[-0.00048222  0.01526005  0.00729486 ... -0.0316242   0.00380844
 -0.03822243]"
d9de5ec1f34b4a238b7632714a30318b,SECTION_15118-3:A.9.6.3.2,DOCUMENT_SECTION,A section in the ISO 15118-3 standard,273,,['813b4f67ab4a26af5abc0fd23a1be814'],"[-0.00097839  0.01587782  0.00600845 ... -0.03259754  0.00299271
 -0.03883291]"
01dd9124164442e693ae8b69b567d09d,V2G3-A09-112,REQUIREMENT,A specific requirement referenced in the document,274,,['813b4f67ab4a26af5abc0fd23a1be814'],"[-0.00074427  0.00138762  0.00187371 ... -0.02712676 -0.00635447
 -0.00044404]"
3804edbd6205468a9bb20daa22787257,CONFIG_ID_CF_05_002,CONFIGURATION,A configuration identifier used in the document,275,,['813b4f67ab4a26af5abc0fd23a1be814'],"[-0.00195048  0.02084613 -0.00811672 ...  0.00559136  0.00056761
 -0.02855222]"
d6210a4fc38f467b8519e6ddab6a134c,PRECONDITION_F_EVCC_CMN_PR_PLCLINKSTATUS_001,TECHNICAL_TERM,A precondition related to the EVCC CMN PR PLC link status,276,,['813b4f67ab4a26af5abc0fd23a1be814'],"[ 0.00066124  0.00403946 -0.00653691 ...  0.01493548  0.01393088
 -0.01985308]"
f9ecb3ec926f47e0862afdf1069899af,EXPECTED_BEHAVIOR_F_EVCC_CMN_TB_VTB_CMAMPMAP_003,TECHNICAL_TERM,The anticipated outcome or response in a given test scenario related to the CM amplitude map,277,,['813b4f67ab4a26af5abc0fd23a1be814'],"[-0.03065178 -0.00393644  0.00658523 ...  0.00048156 -0.00677768
 -0.04151287]"
76589e01fb274989a44356c58a863b07,TABLE_226,DOCUMENT_SECTION,A table in the document that lists the test case description for 'TC_EVCC_CMN_VTB_CmAmpMap_004',278,,['813b4f67ab4a26af5abc0fd23a1be814'],"[-0.02557769  0.00559685 -0.01200853 ... -0.01106249 -0.02432091
 -0.03242787]"
2ee593f7298a47bc80b89eacf8d89acc,TC_EVCC_CMN_VTB_CMAMPMAP_004,TEST_CASE,A specific test case related to the EVCC CMN VTB CM amplitude map functionality,279,,['813b4f67ab4a26af5abc0fd23a1be814'],"[-0.01407145 -0.008328    0.00305033 ...  0.00164599 -0.00773965
 -0.02511709]"
43c926b7d1794e5da8410276501ee7c0,DOCUMENT_ISO_15118-3:2015:IS,DOCUMENT,A document reference to the ISO 15118-3:2015 standard,280,,['813b4f67ab4a26af5abc0fd23a1be814'],"[-0.01896263  0.02095661  0.00041534 ... -0.03557473  0.00523915
 -0.04104168]"
e93b4e68e4db4f448fe885def72b54e5,V2G3-A09-114,REQUIREMENT,A specific requirement referenced in the document,281,,['813b4f67ab4a26af5abc0fd23a1be814'],"[-0.00191111 -0.00159595  0.00642416 ... -0.02642275 -0.00543919
  0.00078789]"
aa267b8f82f5410a800456fd9bd48412,EXPECTED_BEHAVIOR_F_EVCC_CMN_TB_VTB_CMAMPMAP_004,TECHNICAL_TERM,The anticipated outcome or response in a given test scenario related to the CM amplitude map,282,,['813b4f67ab4a26af5abc0fd23a1be814'],"[-0.03194672 -0.00516374  0.00529301 ... -0.00028714 -0.00686869
 -0.04228818]"
9b56b25b181d44c38139cb7d2f6548b4,TABLE_227,DOCUMENT_SECTION,A table in the document that lists the test case description for 'TC_EVCC_CMN_VTB_CmAmpMap_005',283,,['813b4f67ab4a26af5abc0fd23a1be814'],"[-0.02233935  0.01042503 -0.01144547 ... -0.01144547 -0.02076732
 -0.02745533]"
f8d85ec2613349938319436be1113605,TC_EVCC_CMN_VTB_CMAMPMAP_005,TEST_CASE,A specific test case related to the EVCC CMN VTB CM amplitude map functionality,284,,['813b4f67ab4a26af5abc0fd23a1be814'],"[-0.014067   -0.00717368  0.00274927 ...  0.00052611 -0.00754165
 -0.02455942]"
ba050aa28f9444b79eea03be871b7520,V2G3-A09-113,REQUIREMENT,A specific requirement referenced in the document,285,,['813b4f67ab4a26af5abc0fd23a1be814'],"[-0.00183731 -0.00244863  0.00490736 ... -0.02815752 -0.00776689
  0.00035639]"
2e43628d4c46417bb169a7175184fb5e,EXPECTED_BEHAVIOR_F_EVCC_CMN_TB_VTB_CMAMPMAP_005,TECHNICAL_TERM,The anticipated outcome or response in a given test scenario related to the CM amplitude map,286,,['813b4f67ab4a26af5abc0fd23a1be814'],"[-0.03105363 -0.0036117   0.00678509 ...  0.00035328 -0.00703756
 -0.04129263]"
6236600becc94c1e8b65810417171d6a,TABLE_228,DOCUMENT_SECTION,A table in the document that lists the test case description for 'TC_EVCC_CMN_VTB_CmAmpMap_006',287,,['813b4f67ab4a26af5abc0fd23a1be814'],"[-0.02198242  0.00970139 -0.0130785  ... -0.01054047 -0.01930569
 -0.0267811 ]"
20655fa1a82d4e8b81801ca3ea5cd40e,TC_EVCC_CMN_VTB_CMAMPMAP_006,TEST_CASE,A specific test case related to the EVCC CMN VTB CM amplitude map functionality,288,,['813b4f67ab4a26af5abc0fd23a1be814'],"[-0.01362407 -0.00729511  0.00200055 ...  0.00060953 -0.00627295
 -0.02528784]"
6a89f131814a4eb09a73c728f4113e68,EXPECTED_BEHAVIOR_F_EVCC_CMN_TB_VTB_CMAMPMAP_006,TECHNICAL_TERM,The anticipated outcome or response in a given test scenario related to the CM amplitude map,289,,['813b4f67ab4a26af5abc0fd23a1be814'],"[-0.03025099 -0.00381289  0.00609571 ...  0.00046567 -0.00664892
 -0.04159511]"
7ca90b9f1ae64983866ad7233e15e55e,V2G3-A09-116,REQUIREMENT,A specific requirement referenced in the document,290,,['9d51da4c009f3383f6178ae36d391c61'],"[-0.00290186  0.00107101  0.00528709 ... -0.02839465 -0.00537767
  0.00236007]"
6122bfa632aa4c25819d8876dd97eab8,F_EVCC_CMN_TB_VTB_CMAMPMAP_006,TEST_CASE,A specific test case related to the EVCC CMN TB VTB CM amplitude map functionality,291,,['9d51da4c009f3383f6178ae36d391c61'],"[-0.01267414 -0.01438724  0.00193942 ... -0.0008522  -0.00378483
 -0.02424799]"
dc2ecef916f4481a947f9f8e899fafa0,TABLE_229,DOCUMENT_SECTION,A table in the document that lists the test case description for 'TC_EVCC_CMN_VTB_CmAmpMap_007',292,,['9d51da4c009f3383f6178ae36d391c61'],"[-0.02042609  0.01227775 -0.01044783 ... -0.00882506 -0.02140665
 -0.0294445 ]"
bd21f0c9ac0c4bfda3615e750645681d,TC_EVCC_CMN_VTB_CMAMPMAP_007,TEST_CASE,A specific test case related to the EVCC CMN VTB CM amplitude map functionality,293,,['9d51da4c009f3383f6178ae36d391c61'],"[-0.01433276 -0.00740794  0.00280774 ...  0.00045293 -0.00700884
 -0.02618687]"
96fee30474dd4725941035755d1e8061,F_EVCC_CMN_TB_VTB_CMAMPMAP_007,TEST_CASE,A specific test case related to the EVCC CMN TB VTB CM amplitude map functionality,294,,['9d51da4c009f3383f6178ae36d391c61'],"[-0.01317043 -0.01390251  0.00241237 ... -0.00133168 -0.00435063
 -0.02433288]"
64b18ef51110408aa91b678cdf97ef60,TABLE_230,DOCUMENT_SECTION,A table in the document that lists the test case description for 'TC_EVCC_CMN_VTB_CmAmpMap_008',295,,['9d51da4c009f3383f6178ae36d391c61'],"[-0.01960986  0.01077985 -0.01116982 ... -0.01030632 -0.02158756
 -0.02877413]"
e6856e8f5f8f41d7b74f7bea0a01375a,TC_EVCC_CMN_VTB_CMAMPMAP_008,TEST_CASE,A specific test case related to the EVCC CMN VTB CM amplitude map functionality,296,,['9d51da4c009f3383f6178ae36d391c61'],"[-1.27493646e-02 -7.50375120e-03  2.42118700e-03 ... -4.80763847e-05
 -7.39154592e-03 -2.53304206e-02]"
f7611dbdabbf4f6a86a08c2a85c8c872,F_EVCC_CMN_PR_CMAMPMAP_001,TEST_CASE,A specific test case related to the EVCC CMN PR CM amplitude map functionality,297,,['9d51da4c009f3383f6178ae36d391c61'],"[-0.00348627 -0.00181226  0.00634512 ... -0.00299532 -0.008791
 -0.02574913]"
f684e329cd32466d8f8ddb7832fdc7c2,F_EVCC_CMN_TB_VTB_CMAMPMAP_008,TEST_CASE,A specific test case related to the EVCC CMN TB VTB CM amplitude map functionality,298,,['9d51da4c009f3383f6178ae36d391c61'],"[-0.01258489 -0.01454844  0.00203343 ... -0.0013233  -0.00529669
 -0.02444305]"
70cd3a1c3f294c6b8efa6503760bf62b,AVLN,TECHNICAL_TERM,A new amplitude map process initiated by the Test System,299,,['9d51da4c009f3383f6178ae36d391c61'],"[-0.0164955  -0.00283382 -0.00531387 ... -0.00124717 -0.00384156
 -0.00543179]"
58188650f4414cceaa7f588777c6664d,SDP_REQUEST_MESSAGE,MESSAGE,A request message sent by the SUT to check the usability of the matched bandwidth after the amplitude map process,300,,['9d51da4c009f3383f6178ae36d391c61'],"[-0.01215665 -0.00473077  0.00364126 ... -0.02249268 -0.00643313
 -0.02011295]"
